City_ID,City,Lat,Lng,Max Temp,Humidity,Cloudiness,Wind Speed,Country,Date
0,Pisco,-13.7,-76.2167,69.8,78,0,10.36,PE,2021-01-31 05:24:36
1,East London,-33.0153,27.9116,69.8,94,75,2.3,ZA,2021-01-31 05:27:46
2,Hasaki,35.7333,140.8333,54.0,32,20,20.71,JP,2021-01-31 05:24:41
3,Lorengau,-2.0226,147.2712,82.92,80,98,11.48,PG,2021-01-31 05:25:38
4,Jamestown,42.097,-79.2353,19.99,73,90,6.91,US,2021-01-31 05:24:39
5,Payo,-3.7508,103.6372,78.55,78,100,3.13,ID,2021-01-31 05:27:47
6,Mackay,-21.15,149.2,86.0,65,6,19.57,AU,2021-01-31 05:27:47
7,Pitimbu,-7.4706,-34.8086,77.0,88,20,4.61,BR,2021-01-31 05:27:47
8,Dunedin,-45.8742,170.5036,59.0,80,68,24.0,NZ,2021-01-31 05:27:17
9,Awbari,26.5921,12.7805,54.39,41,0,9.44,LY,2021-01-31 05:27:47
10,Ushuaia,-54.8,-68.3,46.4,66,0,10.36,AR,2021-01-31 05:22:44
11,Albany,42.6001,-73.9662,9.0,59,18,3.74,US,2021-01-31 05:24:31
12,Fairbanks,64.8378,-147.7164,-4.0,77,90,0.76,US,2021-01-31 05:24:35
13,Ponta Do Sol,32.6667,-17.1,57.99,74,12,3.0,PT,2021-01-31 05:26:14
14,Alice Springs,-23.7,133.8833,96.8,19,40,8.05,AU,2021-01-31 05:27:48
15,Lloydminster,53.2835,-110.0016,-0.4,78,40,5.75,CA,2021-01-31 05:26:58
16,Sampit,-2.5333,112.95,93.45,48,100,2.95,ID,2021-01-31 05:24:20
17,Mataura,-46.1927,168.8643,72.77,41,95,3.89,NZ,2021-01-31 05:24:33
18,Palauig,15.435,119.9045,80.51,50,100,1.68,PH,2021-01-31 05:27:48
19,Mau,25.95,83.55,61.95,41,0,4.54,IN,2021-01-31 05:27:48
20,Georgetown,5.4112,100.3354,89.6,45,20,5.75,MY,2021-01-31 05:19:59
21,Saskylakh,71.9167,114.0833,-32.78,83,100,8.66,RU,2021-01-31 05:24:51
22,Port Elizabeth,-33.918,25.5701,68.0,77,0,2.3,ZA,2021-01-31 05:24:32
23,Coahuayana,18.7333,-103.6833,72.7,89,1,2.55,MX,2021-01-31 05:24:44
24,Prainha,-1.8,-53.48,72.93,91,20,3.44,BR,2021-01-31 05:27:49
25,Paratinga,-12.6906,-43.1842,77.63,53,88,6.15,BR,2021-01-31 05:27:49
26,Sur,22.5667,59.5289,73.67,43,0,2.17,OM,2021-01-31 05:24:31
27,Seoul,37.5683,126.9778,46.4,34,75,6.91,KR,2021-01-31 05:23:37
28,Kautokeino,69.0125,23.0412,15.62,95,100,11.5,NO,2021-01-31 05:27:49
29,Karratha,-20.7377,116.8463,98.31,35,100,8.63,AU,2021-01-31 05:25:06
30,Nola,40.922,14.5329,55.0,81,100,1.99,IT,2021-01-31 05:27:50
31,Ati,13.2154,18.3353,65.28,26,1,7.7,TD,2021-01-31 05:27:50
32,Qaanaaq,77.484,-69.3632,-4.56,85,100,0.83,GL,2021-01-31 05:24:51
33,Colac,-38.3333,143.5833,66.0,77,1,1.01,AU,2021-01-31 05:27:50
34,Dikson,73.5069,80.5464,-32.67,80,0,5.03,RU,2021-01-31 05:24:34
35,Bethel,41.3712,-73.414,15.01,74,1,4.9,US,2021-01-31 05:25:14
36,Longview,32.5007,-94.7405,60.8,88,90,9.22,US,2021-01-31 05:25:16
37,Kaitangata,-46.2817,169.8464,64.0,76,100,5.01,NZ,2021-01-31 05:24:32
38,Am Timan,11.0297,20.2827,65.7,25,0,7.0,TD,2021-01-31 05:24:27
39,Punta Arenas,-53.15,-70.9167,48.2,71,0,21.85,CL,2021-01-31 05:27:51
40,Barrow,71.2906,-156.7887,-16.6,69,90,6.91,US,2021-01-31 05:24:32
41,Tiksi,71.6872,128.8694,-27.13,86,100,4.25,RU,2021-01-31 05:25:05
42,Yellowknife,62.456,-114.3525,-18.0,76,1,5.75,CA,2021-01-31 05:24:39
43,Ciudad Bolivar,8.1222,-63.5497,76.23,79,30,10.83,VE,2021-01-31 05:27:51
44,Gigmoto,13.7796,124.39,78.78,75,100,17.76,PH,2021-01-31 05:27:51
45,Sorong,-0.8833,131.25,82.49,75,100,11.74,ID,2021-01-31 05:27:51
46,Hobart,-42.8794,147.3294,73.0,49,75,10.36,AU,2021-01-31 05:20:19
47,Hilo,19.7297,-155.09,75.2,69,75,4.61,US,2021-01-31 05:24:42
48,Saint-Pierre,-21.3393,55.4781,87.8,55,0,9.22,RE,2021-01-31 05:25:07
49,Sao Joao Da Barra,-21.6403,-41.0511,76.23,83,10,19.33,BR,2021-01-31 05:27:52
50,Busselton,-33.65,115.3333,93.0,34,0,3.0,AU,2021-01-31 05:24:35
51,Narsaq,60.9167,-46.05,39.2,28,75,29.93,GL,2021-01-31 05:25:22
52,Nishihara,26.1842,127.7558,69.8,37,40,11.5,JP,2021-01-31 05:27:52
53,Kieta,-6.2167,155.6333,84.67,66,100,15.9,PG,2021-01-31 05:26:30
54,Iquitos,-3.7481,-73.2472,75.2,94,75,2.3,PE,2021-01-31 05:24:28
55,Atuona,-9.8,-139.0333,79.23,76,74,17.11,PF,2021-01-31 05:24:36
56,Otjimbingwe,-22.35,16.1333,71.26,51,9,1.41,NA,2021-01-31 05:26:46
57,Chuy,-33.6971,-53.4616,68.41,91,100,16.98,UY,2021-01-31 05:24:39
58,Belmonte,-15.8631,-38.8828,73.4,88,40,3.44,BR,2021-01-31 05:27:53
59,Bluff,-46.6,168.3333,57.6,77,99,11.63,NZ,2021-01-31 05:24:39
60,Opuwo,-18.0607,13.84,69.46,59,100,2.35,NA,2021-01-31 05:25:16
61,Pandan Niog,6.2282,120.5631,81.59,76,100,14.58,PH,2021-01-31 05:23:10
62,Luderitz,-26.6481,15.1594,63.14,69,0,16.69,NA,2021-01-31 05:23:17
63,Kapaa,22.0752,-159.319,73.4,88,75,18.41,US,2021-01-31 05:24:47
64,Cape Town,-33.9258,18.4232,66.99,88,75,12.66,ZA,2021-01-31 05:27:03
65,Vanimo,-2.6741,141.3028,85.86,64,91,12.35,PG,2021-01-31 05:25:43
66,Saint-Philippe,-21.3585,55.7679,87.8,55,0,9.22,RE,2021-01-31 05:24:43
67,Chokurdakh,70.6333,147.9167,-30.86,85,11,8.61,RU,2021-01-31 05:25:05
68,Vao,-22.6667,167.4833,76.73,79,68,21.41,NC,2021-01-31 05:25:39
69,Talnakh,69.4865,88.3972,-30.62,71,0,7.63,RU,2021-01-31 05:24:57
70,Upernavik,72.7868,-56.1549,-9.24,85,84,4.61,GL,2021-01-31 05:24:53
71,Bowen,-20.0167,148.2333,82.4,74,75,12.66,AU,2021-01-31 05:27:54
72,Bredasdorp,-34.5322,20.0403,64.99,89,0,1.01,ZA,2021-01-31 05:24:37
73,Khatanga,71.9667,102.5,-47.65,78,43,1.28,RU,2021-01-31 05:24:40
74,Cidreira,-30.1811,-50.2056,74.44,91,92,6.04,BR,2021-01-31 05:24:31
75,Klaksvik,62.2266,-6.589,30.2,80,75,14.97,FO,2021-01-31 05:24:43
76,Buala,-8.145,159.5921,84.13,74,99,15.75,SB,2021-01-31 05:27:54
77,Tasiilaq,65.6145,-37.6368,17.6,53,75,5.75,GL,2021-01-31 05:24:36
78,Mahebourg,-20.4081,57.7,84.2,70,40,10.36,MU,2021-01-31 05:24:32
79,Victor Harbor,-35.5667,138.6167,69.01,64,0,1.99,AU,2021-01-31 05:27:55
80,Ribeira Grande,38.5167,-28.7,62.92,94,96,17.76,PT,2021-01-31 05:24:33
81,Kemijarvi,66.7131,27.4306,10.65,96,100,3.11,FI,2021-01-31 05:24:45
82,Vila Velha,-20.3297,-40.2925,77.0,83,20,5.75,BR,2021-01-31 05:27:55
83,Qandala,11.472,49.8728,72.21,62,18,4.76,SO,2021-01-31 05:27:55
84,Arraial Do Cabo,-22.9661,-42.0278,76.24,83,35,25.21,BR,2021-01-31 05:27:55
85,Hualmay,-11.0964,-77.6139,70.48,78,98,8.14,PE,2021-01-31 05:24:50
86,Hambantota,6.1241,81.1185,82.4,83,40,8.05,LK,2021-01-31 05:27:55
87,Liverpool,53.4106,-2.9779,33.01,86,100,10.36,GB,2021-01-31 05:25:24
88,Podporozhye,60.9112,34.1706,21.83,98,100,5.32,RU,2021-01-31 05:27:56
89,Lazurne,46.084,32.5295,35.6,93,0,6.71,UA,2021-01-31 05:27:56
90,Chachoengsao,13.6167,101.4167,89.01,43,0,11.59,TH,2021-01-31 05:26:02
91,Zhigansk,66.7697,123.3711,-44.03,75,73,5.19,RU,2021-01-31 05:24:35
92,Nador,35.174,-2.9287,59.0,67,0,31.07,MA,2021-01-31 05:26:09
93,Butaritari,3.0707,172.7902,81.61,80,61,17.02,KI,2021-01-31 05:24:54
94,Jinka,5.65,36.65,67.37,41,42,3.09,ET,2021-01-31 05:27:56
95,Castro,-24.7911,-50.0119,64.2,95,100,6.17,BR,2021-01-31 05:24:33
96,Salalah,17.0151,54.0924,73.4,56,40,5.75,OM,2021-01-31 05:24:51
97,Tuatapere,-46.1333,167.6833,64.15,56,100,3.53,NZ,2021-01-31 05:25:23
98,Barcelos,41.5388,-8.6151,51.8,100,75,6.91,PT,2021-01-31 05:23:42
99,Sitka,57.0531,-135.33,37.4,75,1,3.44,US,2021-01-31 05:24:46
100,Priverno,41.4691,13.1856,55.0,84,100,5.01,IT,2021-01-31 05:27:57
101,Makakilo City,21.3469,-158.0858,75.2,68,1,5.75,US,2021-01-31 05:27:57
102,Santiago,-33.4569,-70.6483,66.0,88,90,2.3,CL,2021-01-31 05:25:32
103,Faanui,-16.4833,-151.75,82.54,68,98,7.81,PF,2021-01-31 05:24:35
104,Pacific Grove,36.6177,-121.9166,51.8,76,75,5.7,US,2021-01-31 05:27:57
105,Vaini,-21.2,-175.2,77.0,94,75,5.75,TO,2021-01-31 05:24:41
106,Avarua,-21.2078,-159.775,78.8,83,75,2.3,CK,2021-01-31 05:24:40
107,Palaikastron,35.2,26.25,55.45,70,87,0.31,GR,2021-01-31 05:26:17
108,Hithadhoo,-0.6,73.0833,81.93,79,39,14.58,MV,2021-01-31 05:24:44
109,Tel Aviv-Yafo,32.0805,34.7805,55.4,54,0,11.5,IL,2021-01-31 05:27:58
110,Churapcha,62.0025,132.4325,-35.7,79,100,3.58,RU,2021-01-31 05:27:58
111,Lazaro Cardenas,17.9583,-102.2,74.68,85,23,3.27,MX,2021-01-31 05:25:24
112,Mount Isa,-20.7333,139.5,104.0,21,40,8.05,AU,2021-01-31 05:27:58
113,Mikhaylov,54.2292,39.0186,34.47,97,100,18.16,RU,2021-01-31 05:27:58
114,Carnarvon,-24.8667,113.6333,91.4,52,0,14.97,AU,2021-01-31 05:24:58
115,Whitecourt,54.1502,-115.6855,3.2,85,1,6.91,CA,2021-01-31 05:27:59
116,Deep River,46.1001,-77.4995,-4.0,71,1,2.3,CA,2021-01-31 05:27:59
117,Arlit,18.7369,7.3853,55.9,31,10,2.77,NE,2021-01-31 05:27:59
118,Sept-Iles,50.2001,-66.3821,21.2,63,78,5.75,CA,2021-01-31 05:25:34
119,Porto Torres,40.835,8.3972,55.4,67,75,12.66,IT,2021-01-31 05:27:59
120,Saintes,45.6667,-0.75,51.8,100,90,12.66,FR,2021-01-31 05:27:59
121,Abbeville,50.1,1.8333,36.0,73,91,10.98,FR,2021-01-31 05:27:59
122,Olafsvik,64.8945,-23.7142,22.93,88,21,15.7,IS,2021-01-31 05:27:52
123,Ketchikan,55.3422,-131.6461,32.0,100,1,6.04,US,2021-01-31 05:27:59
124,Manokwari,-0.8667,134.0833,79.68,82,100,16.6,ID,2021-01-31 05:28:00
125,Dudinka,69.4058,86.1778,-34.56,77,0,7.61,RU,2021-01-31 05:28:00
126,Pangnirtung,66.1451,-65.7125,-7.2,78,61,3.71,CA,2021-01-31 05:24:46
127,Banikoara,11.2985,2.4386,66.76,23,0,6.02,BJ,2021-01-31 05:28:00
128,Coihaique,-45.5752,-72.0662,46.4,81,0,0.78,CL,2021-01-31 05:25:17
129,Esperance,-33.8667,121.9,84.2,23,0,8.05,AU,2021-01-31 05:24:51
130,Tezu,27.9167,96.1667,72.95,23,22,4.34,IN,2021-01-31 05:24:57
131,La Rioja,42.25,-2.5,41.45,70,87,15.17,ES,2021-01-31 05:28:00
132,Kodiak,57.79,-152.4072,28.4,50,1,13.8,US,2021-01-31 05:24:37
133,Rikitea,-23.1203,-134.9692,79.41,73,37,9.48,PF,2021-01-31 05:24:33
134,Palatka,29.6486,-81.6376,55.99,91,56,7.49,US,2021-01-31 05:28:01
135,Tuktoyaktuk,69.4541,-133.0374,-32.8,68,40,3.44,CA,2021-01-31 05:24:32
136,Nerchinskiy Zavod,51.3088,119.61,-16.69,84,36,2.8,RU,2021-01-31 05:28:01
137,Healdsburg,38.6105,-122.8692,44.01,81,20,4.61,US,2021-01-31 05:27:31
138,Berlevag,70.8578,29.0864,25.38,95,100,20.18,NO,2021-01-31 05:25:15
139,Wainwright,52.839,-110.8572,-4.0,92,41,3.44,CA,2021-01-31 05:28:01
140,Saint Anthony,45.0205,-93.218,30.2,80,90,6.91,US,2021-01-31 05:25:25
141,Greenwood,34.1668,-82.1165,39.2,60,90,3.44,US,2021-01-31 05:28:01
142,Qingdao,36.0986,120.3719,55.4,44,0,11.18,CN,2021-01-31 05:28:01
143,New Norfolk,-42.7826,147.0587,73.0,40,5,4.0,AU,2021-01-31 05:28:02
144,Iracoubo,5.4802,-53.2011,77.2,85,79,14.23,GF,2021-01-31 05:28:02
145,Airai,-8.9266,125.4092,64.67,100,100,6.73,TL,2021-01-31 05:25:23
146,Matara,5.9485,80.5353,85.59,60,4,5.06,LK,2021-01-31 05:26:09
147,Powell,40.1578,-83.0752,28.99,93,90,10.36,US,2021-01-31 05:27:25
148,Ahipara,-35.1667,173.1667,68.34,59,22,4.29,NZ,2021-01-31 05:24:55
149,Bambous Virieux,-20.3428,57.7575,84.99,70,40,10.36,MU,2021-01-31 05:26:09
150,Lebu,-37.6167,-73.65,55.51,88,5,12.8,CL,2021-01-31 05:24:40
151,Puerto Ayora,-0.7393,-90.3518,78.01,91,29,7.0,EC,2021-01-31 05:28:02
152,Roma,43.2128,-75.4557,5.0,78,1,3.44,US,2021-01-31 05:28:03
153,Tromso,69.6496,18.957,21.99,86,20,2.3,NO,2021-01-31 05:25:34
154,Batemans Bay,-35.7167,150.1833,69.01,78,94,1.01,AU,2021-01-31 05:28:03
155,Ukiah,39.1502,-123.2078,50.0,62,75,5.75,US,2021-01-31 05:24:59
156,Altay,47.8667,88.1167,18.12,83,0,1.68,CN,2021-01-31 05:28:03
157,Puerto Escondido,15.85,-97.0667,76.08,65,0,3.96,MX,2021-01-31 05:28:03
158,Berberati,4.2612,15.7922,69.8,94,100,9.22,CF,2021-01-31 05:28:03
159,Stege,54.987,12.2846,33.01,92,52,7.0,DK,2021-01-31 05:28:03
160,Bitung,1.4451,125.1824,82.4,78,40,10.36,ID,2021-01-31 05:28:04
161,Palmer,42.1584,-72.3287,6.8,66,1,6.91,US,2021-01-31 05:24:33
162,Antalaha,-14.9003,50.2788,81.21,74,2,4.41,MG,2021-01-31 05:26:20
163,Las Palmas,28.4204,-14.0131,64.4,77,90,19.57,ES,2021-01-31 05:28:04
164,Port Alfred,-33.5906,26.891,71.01,84,31,3.49,ZA,2021-01-31 05:28:04
165,Khanpur,28.6453,70.6567,69.67,18,0,2.15,PK,2021-01-31 05:28:04
166,Chapais,49.7834,-74.8492,-5.8,84,90,4.61,CA,2021-01-31 05:28:04
167,Tarbagatay,51.4803,107.3602,-9.4,49,75,15.66,RU,2021-01-31 05:28:04
168,Morant Bay,17.8815,-76.4093,78.01,78,20,6.91,JM,2021-01-31 05:28:05
169,Severo-Kurilsk,50.6789,156.125,24.06,95,100,37.49,RU,2021-01-31 05:24:45
170,Pouembout,-21.1333,164.9,80.2,70,72,10.49,NC,2021-01-31 05:28:05
171,Guerrero Negro,27.9769,-114.0611,58.64,71,77,8.1,MX,2021-01-31 05:24:49
172,Fanai,38.517,44.9745,31.15,81,65,4.0,IR,2021-01-31 05:28:05
173,Beringovskiy,63.05,179.3167,5.07,94,100,30.78,RU,2021-01-31 05:24:45
174,Thompson,55.7435,-97.8558,14.0,85,90,3.44,CA,2021-01-31 05:24:54
175,Evensk,61.95,159.2333,0.41,89,100,29.48,RU,2021-01-31 05:25:32
176,Tabuk,17.4189,121.4443,70.3,79,100,4.07,PH,2021-01-31 05:25:47
177,Upington,-28.4478,21.2561,64.4,48,0,1.14,ZA,2021-01-31 05:28:05
178,Sachin,21.0833,72.8833,73.4,40,0,8.05,IN,2021-01-31 05:28:06
179,Kalmunai,7.4167,81.8167,80.22,80,88,6.17,LK,2021-01-31 05:24:48
180,Hermanus,-34.4187,19.2345,64.99,89,2,1.01,ZA,2021-01-31 05:24:32
181,Kismayo,-0.3582,42.5454,78.08,74,41,18.28,SO,2021-01-31 05:28:06
182,Coquimbo,-29.9533,-71.3436,66.2,82,75,2.3,CL,2021-01-31 05:24:02
183,Ubatuba,-23.4339,-45.0711,78.85,75,86,2.71,BR,2021-01-31 05:28:06
184,Norman Wells,65.282,-126.8329,-23.8,76,75,3.74,CA,2021-01-31 05:24:37
185,Dwarka,22.2394,68.9678,72.16,31,0,7.78,IN,2021-01-31 05:28:06
186,Somvarpet,12.6,75.8667,76.42,46,0,7.36,IN,2021-01-31 05:28:06
187,Kjopsvik,68.097,16.3742,21.0,78,100,3.44,NO,2021-01-31 05:28:07
188,Constitucion,-35.3333,-72.4167,58.64,92,26,6.35,CL,2021-01-31 05:25:27
189,Jabinyanah,35.035,10.9081,60.8,63,0,4.61,TN,2021-01-31 05:28:07
190,Mahendragarh,28.2833,76.15,65.52,26,0,3.74,IN,2021-01-31 05:28:02
191,Ilulissat,69.2167,-51.1,6.8,66,90,9.22,GL,2021-01-31 05:24:42
192,Erdenet,49.0333,104.0833,-2.92,89,100,5.48,MN,2021-01-31 05:25:08
193,Dakar,14.6937,-17.4441,66.2,72,0,12.66,SN,2021-01-31 05:28:07
194,Alofi,-19.0595,-169.9187,80.6,78,100,8.05,NU,2021-01-31 05:25:29
195,Kruisfontein,-34.0033,24.7314,62.01,92,0,5.12,ZA,2021-01-31 05:25:03
196,Bowmore,34.9421,-79.3031,42.8,56,90,8.05,US,2021-01-31 05:28:08
197,Tooele,40.5308,-112.2983,33.01,80,1,10.36,US,2021-01-31 05:25:35
198,Asau,46.4333,26.4,32.0,80,90,11.5,RO,2021-01-31 05:25:06
199,Fort Nelson,58.8053,-122.7002,-16.6,76,40,2.3,CA,2021-01-31 05:27:01
200,Licheng,23.2955,113.8284,75.2,38,0,4.47,CN,2021-01-31 05:28:08
201,Vryburg,-26.9566,24.7284,71.06,72,12,6.15,ZA,2021-01-31 05:28:08
202,Kuna,43.4918,-116.4201,39.0,60,1,11.5,US,2021-01-31 05:28:08
203,Paragould,36.0584,-90.4973,57.2,88,75,16.11,US,2021-01-31 05:28:08
204,Necochea,-38.5473,-58.7368,55.0,73,35,9.57,AR,2021-01-31 05:28:08
205,Isangel,-19.55,169.2667,78.8,89,75,3.44,VU,2021-01-31 05:25:08
206,Bandarbeyla,9.4942,50.8122,74.98,65,79,16.4,SO,2021-01-31 05:25:06
207,Shiyan,32.6475,110.7781,58.35,34,97,2.89,CN,2021-01-31 05:28:09
208,Cherskiy,68.75,161.3,-35.39,83,0,2.35,RU,2021-01-31 05:24:33
209,Toila,59.4236,27.5025,26.51,97,100,3.74,EE,2021-01-31 05:28:09
210,Cayenne,4.9333,-52.3333,78.8,89,75,6.91,GF,2021-01-31 05:27:15
211,Bandiagara,14.3501,-3.6104,67.15,22,0,9.04,ML,2021-01-31 05:25:12
212,Zaragoza,41.6561,-0.8773,48.0,76,20,14.97,ES,2021-01-31 05:28:10
213,Veraval,20.9,70.3667,76.35,23,0,10.47,IN,2021-01-31 05:27:08
214,Margate,51.3813,1.3862,39.0,61,40,4.0,GB,2021-01-31 05:25:27
215,Sungaipenuh,-2.0833,101.3833,71.46,84,100,2.28,ID,2021-01-31 05:25:06
216,Algiers,36.7525,3.042,59.0,72,40,13.8,DZ,2021-01-31 05:28:11
217,Fort-Shevchenko,44.5086,50.263,36.82,81,9,9.95,KZ,2021-01-31 05:28:12
218,Rodrigues Alves,-7.738,-72.6509,71.62,97,87,0.67,BR,2021-01-31 05:28:12
219,Udachnyy,66.4167,112.4,-29.18,81,100,13.51,RU,2021-01-31 05:28:12
220,Quito,-0.2299,-78.5249,48.2,87,0,3.44,EC,2021-01-31 05:23:19
221,Nouadhibou,20.931,-17.0347,67.23,47,55,17.72,MR,2021-01-31 05:25:06
222,Russell,32.3502,-85.1999,48.99,87,75,8.05,US,2021-01-31 05:26:01
223,Jacareacanga,-6.2222,-57.7528,71.56,94,100,1.34,BR,2021-01-31 05:24:46
224,Atar,20.5169,-13.0499,64.26,26,36,9.08,MR,2021-01-31 05:28:13
225,Katsuura,35.1333,140.3,51.8,37,20,16.11,JP,2021-01-31 05:25:11
226,Mar Del Plata,-38.0023,-57.5575,60.01,58,75,16.11,AR,2021-01-31 05:24:24
227,Da Nang,16.0678,108.2208,77.0,73,40,8.05,VN,2021-01-31 05:28:14
228,Vardo,70.3705,31.1107,25.66,96,100,20.49,NO,2021-01-31 05:26:20
229,Birin,26.8865,88.0718,55.6,49,0,5.64,NP,2021-01-31 05:28:14
230,Bilibino,68.0546,166.4372,-27.44,78,7,6.51,RU,2021-01-31 05:25:21
231,Kimbe,-5.5502,150.1429,80.6,84,99,7.85,PG,2021-01-31 05:28:14
232,Acapulco,16.8634,-99.8901,75.63,80,73,4.25,MX,2021-01-31 05:24:38
233,Sasovo,54.3537,41.9199,34.29,97,100,23.76,RU,2021-01-31 05:28:14
234,Sarandi,-23.4436,-51.8739,67.73,97,100,5.32,BR,2021-01-31 05:24:31
235,Manicore,-5.8092,-61.3003,73.4,100,0,2.3,BR,2021-01-31 05:28:14
236,Bubaque,11.2833,-15.8333,78.26,59,66,10.54,GW,2021-01-31 05:28:15
237,Naze,28.3667,129.4833,64.4,55,20,9.22,JP,2021-01-31 05:28:15
238,Westport,41.1415,-73.3579,21.0,72,1,6.17,US,2021-01-31 05:24:20
239,Longyearbyen,78.2186,15.6401,-5.8,59,20,17.27,SJ,2021-01-31 05:24:51
240,Praya,14.9215,-23.5087,73.4,49,0,16.11,CV,2021-01-31 05:28:15
241,Grand Gaube,-20.0064,57.6608,84.99,67,8,7.0,MU,2021-01-31 05:28:15
242,Vila,42.0304,-8.1588,48.99,95,100,6.51,PT,2021-01-31 05:28:15
243,Torbay,47.6666,-52.7314,28.99,93,90,13.8,CA,2021-01-31 05:24:53
244,Nara,34.6851,135.8049,52.0,43,75,6.91,JP,2021-01-31 05:27:03
245,Ohara,35.25,140.3833,51.8,32,20,20.71,JP,2021-01-31 05:28:16
246,The Valley,18.217,-63.0578,77.0,88,40,9.22,AI,2021-01-31 05:28:16
247,College,64.8569,-147.8028,-4.0,77,90,0.65,US,2021-01-31 05:25:31
248,Aksarka,66.5606,67.7975,-13.56,89,100,7.05,RU,2021-01-31 05:28:16
249,Buturlinovka,50.8239,40.6092,35.08,90,100,21.72,RU,2021-01-31 05:28:16
250,Krasnaya Zarya,52.7825,37.6806,33.62,100,100,16.31,RU,2021-01-31 05:28:16
251,Paamiut,61.994,-49.6678,23.04,90,0,13.27,GL,2021-01-31 05:25:02
252,Arkhangelskoye,55.8549,35.3287,17.74,98,100,3.09,RU,2021-01-31 05:25:24
253,Molteno,-31.3968,26.3625,64.29,38,1,7.2,ZA,2021-01-31 05:28:17
254,Los Palacios,22.5872,-83.2486,62.6,84,79,4.99,CU,2021-01-31 05:28:17
255,Eureka,40.8021,-124.1637,54.0,87,90,4.61,US,2021-01-31 05:24:45
256,Pochutla,15.7432,-96.4661,73.99,85,0,4.0,MX,2021-01-31 05:28:17
257,Chernyshevskiy,63.0128,112.4714,-26.45,84,100,6.55,RU,2021-01-31 05:28:17
258,Baykit,61.67,96.37,-25.65,79,2,1.63,RU,2021-01-31 05:25:09
259,Itarema,-2.9248,-39.9167,77.94,86,100,9.37,BR,2021-01-31 05:25:38
260,Provideniya,64.3833,-173.3,-9.02,84,100,17.98,RU,2021-01-31 05:24:47
261,Ust-Koksa,50.2696,85.6108,17.62,86,0,1.12,RU,2021-01-31 05:28:18
262,Onda,39.9667,-0.25,53.01,57,7,1.01,ES,2021-01-31 05:28:18
263,Deoria,26.5047,83.7872,62.19,42,0,3.74,IN,2021-01-31 05:28:18
264,Lensk,60.7253,114.9278,-27.8,80,100,7.83,RU,2021-01-31 05:28:18
265,Marquette,46.5333,-87.6335,24.01,78,100,1.01,US,2021-01-31 05:28:18
266,Gillette,44.2911,-105.5022,27.0,93,1,6.91,US,2021-01-31 05:28:18
267,Saint George,37.1041,-113.5841,39.99,75,1,2.59,US,2021-01-31 05:25:20
268,Belyy Yar,53.6039,91.3903,-11.2,64,20,3.2,RU,2021-01-31 05:28:18
269,Petropavlovsk-Kamchatskiy,53.0452,158.6483,30.2,47,100,20.13,RU,2021-01-31 05:26:47
270,Chake Chake,-5.2459,39.7666,80.87,73,26,11.65,TZ,2021-01-31 05:28:19
271,Filingue,14.3521,3.3168,64.13,24,2,8.86,NE,2021-01-31 05:28:19
272,Nizhniy Kuranakh,58.8353,125.4869,-27.94,79,96,1.81,RU,2021-01-31 05:28:19
273,Naranjal,-2.6667,-79.6167,78.01,88,75,3.44,EC,2021-01-31 05:28:19
274,Sonoita,31.85,-112.8333,48.99,69,7,8.72,MX,2021-01-31 05:28:19
275,Micheweni,-4.9667,39.8333,80.67,76,31,12.91,TZ,2021-01-31 05:25:26
276,Adrar,20.5022,-10.0711,62.26,28,29,8.66,MR,2021-01-31 05:24:32
277,Oum Hadjer,13.2954,19.6966,66.11,24,1,9.22,TD,2021-01-31 05:28:19
278,High Rock,26.6208,-78.2833,59.0,77,0,8.05,BS,2021-01-31 05:28:19
279,Namibe,-15.1961,12.1522,71.46,78,85,4.61,AO,2021-01-31 05:25:36
280,Finnsnes,69.2296,17.9811,-0.4,85,100,2.84,NO,2021-01-31 05:28:20
281,Biak,-0.9131,122.8766,82.35,67,100,2.44,ID,2021-01-31 05:27:34
282,Haines Junction,60.7522,-137.5108,-16.6,76,95,1.14,CA,2021-01-31 05:28:20
283,Khuzhir,53.1939,107.3397,-11.67,78,61,9.31,RU,2021-01-31 05:28:20
284,Nanortalik,60.1432,-45.2371,28.13,90,100,5.66,GL,2021-01-31 05:25:30
285,Avera,33.194,-82.5271,44.6,87,90,4.61,US,2021-01-31 05:25:40
286,Fayaoue,-20.65,166.5333,79.97,75,57,21.94,NC,2021-01-31 05:28:20
287,Port Moresby,-9.4431,147.1797,77.0,94,75,5.75,PG,2021-01-31 05:25:19
288,Vestmannaeyjar,63.4427,-20.2734,30.92,94,96,16.91,IS,2021-01-31 05:25:27
289,Lekoni,-1.5843,14.2591,68.22,92,100,3.76,GA,2021-01-31 05:28:21
290,Inverness,57.4791,-4.224,27.0,93,85,3.24,GB,2021-01-31 05:28:21
291,Pevek,69.7008,170.3133,-33.86,84,3,2.8,RU,2021-01-31 05:24:40
292,Fairfield,41.2668,-73.3162,21.0,55,0,5.23,US,2021-01-31 05:28:21
293,Tura,25.5198,90.2201,69.58,27,0,3.74,IN,2021-01-31 05:25:30
294,Almaznyy,48.0448,40.045,35.6,93,40,13.42,RU,2021-01-31 05:26:02
295,Dongli,23.5656,116.8194,71.6,43,0,6.71,CN,2021-01-31 05:28:21
296,Sobolevo,54.4299,31.8996,17.35,97,100,6.35,RU,2021-01-31 05:28:21
297,San Borja,-14.8167,-66.85,72.3,96,75,2.13,BO,2021-01-31 05:28:22
298,Khawhai,23.3667,93.1167,61.79,34,0,4.74,IN,2021-01-31 05:28:22
299,Zachepylivka,49.1939,35.2394,38.14,92,100,16.15,UA,2021-01-31 05:28:22
300,Nantucket,41.2835,-70.0995,19.0,62,20,9.22,US,2021-01-31 05:25:20
301,Prosec,49.8059,16.1162,19.0,85,73,7.0,CZ,2021-01-31 05:28:22
302,Iqaluit,63.7506,-68.5145,-11.2,70,1,17.27,CA,2021-01-31 05:25:18
303,Santa Isabel Do Rio Negro,-0.4139,-65.0192,73.11,94,26,1.25,BR,2021-01-31 05:28:22
304,Slave Lake,55.2834,-114.769,3.2,85,1,8.05,CA,2021-01-31 05:28:22
305,Lesosibirsk,58.2358,92.4828,-29.31,80,0,4.72,RU,2021-01-31 05:28:23
306,Marsa Matruh,31.3525,27.2453,57.2,62,0,16.11,EG,2021-01-31 05:28:23
307,Tolga,34.7222,5.3785,62.6,39,100,20.71,DZ,2021-01-31 05:28:23
308,Murbad,19.25,73.4,82.4,32,0,6.91,IN,2021-01-31 05:25:25
309,Souillac,-20.5167,57.5167,84.2,70,40,10.36,MU,2021-01-31 05:24:36
310,Marzuq,14.4,46.4667,66.85,45,0,3.27,YE,2021-01-31 05:28:23
311,Broken Hill,-31.95,141.4333,89.6,23,29,10.36,AU,2021-01-31 05:28:23
312,Grindavik,63.8424,-22.4338,23.0,74,75,3.44,IS,2021-01-31 05:24:50
313,Lagoa,39.05,-27.9833,61.57,96,73,23.26,PT,2021-01-31 05:25:02
314,Luanda,-8.8368,13.2343,78.8,83,75,6.91,AO,2021-01-31 05:23:31
315,Zheshart,62.0731,49.5733,18.72,96,99,8.5,RU,2021-01-31 05:28:24
316,Victoria,22.2855,114.1577,73.4,43,0,11.5,HK,2021-01-31 05:23:58
317,Elk,53.8282,22.3647,22.8,97,98,11.65,PL,2021-01-31 05:28:24
318,Clyde River,70.4692,-68.5914,-4.0,77,90,1.5,CA,2021-01-31 05:26:24
319,Leningradskiy,69.3833,178.4167,-26.99,82,12,4.23,RU,2021-01-31 05:25:28
320,Wanning,18.8003,110.3967,73.81,68,47,12.33,CN,2021-01-31 05:25:00
321,Vanderhoof,54.0166,-124.0198,13.8,96,92,2.19,CA,2021-01-31 05:28:24
322,Staraya Kulatka,52.7167,47.6167,21.0,96,100,8.48,RU,2021-01-31 05:28:24
323,Makhinjauri,41.6739,41.694,53.6,40,75,17.27,GE,2021-01-31 05:28:24
324,Bhind,26.5642,78.7883,65.35,29,0,3.15,IN,2021-01-31 05:28:25
325,Kazanskoye,55.6448,69.235,12.24,95,98,6.62,RU,2021-01-31 05:28:25
326,Halifax,44.6453,-63.5724,17.6,67,40,8.05,CA,2021-01-31 05:27:59
327,Viedma,-40.8135,-62.9967,57.16,64,9,7.0,AR,2021-01-31 05:26:36
328,Pimentel,-6.8367,-79.9342,72.19,75,85,13.02,PE,2021-01-31 05:27:57
329,Marienburg,54.0359,19.0266,26.6,86,40,16.11,PL,2021-01-31 05:28:25
330,Port Hardy,50.6996,-127.4199,44.6,87,90,14.97,CA,2021-01-31 05:28:25
331,Te Anau,-45.4167,167.7167,63.05,52,84,6.87,NZ,2021-01-31 05:28:25
332,Aksha,50.2814,113.2867,-1.89,85,100,3.49,RU,2021-01-31 05:28:25
333,Lang Son,21.8333,106.7333,71.67,57,81,8.95,VN,2021-01-31 05:28:26
334,Rawson,-43.3002,-65.1023,61.38,58,44,14.09,AR,2021-01-31 05:20:48
335,Vila Franca Do Campo,37.7167,-25.4333,63.0,94,75,11.5,PT,2021-01-31 05:26:37
336,Izyaslav,50.1195,26.8213,22.12,97,98,10.31,UA,2021-01-31 05:28:26
337,Tucurui,-3.7661,-49.6725,72.93,95,97,1.86,BR,2021-01-31 05:28:26
338,Plettenberg Bay,-34.0527,23.3716,68.0,67,0,3.18,ZA,2021-01-31 05:25:42
339,Tarauaca,-8.1614,-70.7656,72.32,96,100,0.56,BR,2021-01-31 05:28:26
340,Santa Fe,-31.6333,-60.7,64.99,86,91,5.99,AR,2021-01-31 05:28:26
341,Turukhansk,65.8167,87.9833,-25.4,80,56,5.88,RU,2021-01-31 05:28:26
342,Solnechnyy,50.7214,136.6319,-6.5,86,70,5.32,RU,2021-01-31 05:28:26
343,Chibombo,-14.6569,28.0706,65.32,95,100,3.94,ZM,2021-01-31 05:28:27
344,Ascension,30.2169,-90.9001,69.8,73,90,11.5,US,2021-01-31 05:28:27
345,Ucluelet,48.9329,-125.5528,46.0,91,100,7.0,CA,2021-01-31 05:22:28
346,Kavieng,-2.5744,150.7967,83.59,73,99,12.68,PG,2021-01-31 05:25:21
347,Port-Cartier,50.0334,-66.8654,21.2,63,53,5.75,CA,2021-01-31 05:25:53
348,Gizo,-8.103,156.8419,86.22,69,60,21.79,SB,2021-01-31 05:28:27
349,Nikolskoye,59.7035,30.7861,24.8,86,75,4.47,RU,2021-01-31 05:24:41
350,Puri,19.8,85.85,73.4,49,0,6.91,IN,2021-01-31 05:28:27
351,Bereznik,62.8551,42.7072,14.13,96,98,7.74,RU,2021-01-31 05:28:27
352,Smithers,54.7804,-127.1743,19.4,86,90,1.59,CA,2021-01-31 05:28:28
353,Gerash,27.6652,54.1371,55.56,72,0,3.31,IR,2021-01-31 05:28:28
354,Gravdal,68.1214,13.5031,25.59,90,75,4.97,NO,2021-01-31 05:28:28
355,Touros,-5.1989,-35.4608,75.2,94,75,3.44,BR,2021-01-31 05:28:28
356,Merauke,-8.4667,140.3333,84.15,77,100,15.75,ID,2021-01-31 05:25:06
357,Mareeba,-17.0,145.4333,86.0,66,40,13.8,AU,2021-01-31 05:28:28
358,Malpe,13.35,74.7167,84.2,61,0,3.44,IN,2021-01-31 05:28:28
359,Bud,39.447,-86.1758,33.01,97,100,19.13,US,2021-01-31 05:28:29
360,Maragogi,-9.0122,-35.2225,77.0,82,100,6.6,BR,2021-01-31 05:28:29
361,Hamilton,39.1834,-84.5333,34.0,93,90,5.75,US,2021-01-31 05:27:11
362,Yenagoa,4.9247,6.2642,76.62,91,0,2.28,NG,2021-01-31 05:24:51
363,Novoseleznevo,55.6821,69.2056,12.15,95,98,6.64,RU,2021-01-31 05:28:29
364,Chute-Aux-Outardes,49.1168,-68.399,12.2,67,1,4.61,CA,2021-01-31 05:28:29
365,Carballo,43.213,-8.691,53.01,95,100,3.0,ES,2021-01-31 05:28:29
366,Tautira,-17.7333,-149.15,73.4,88,75,6.91,PF,2021-01-31 05:25:14
367,Guozhen,34.3659,107.359,52.77,34,94,3.6,CN,2021-01-31 05:28:29
368,Rocha,-34.4833,-54.3333,65.55,91,100,14.58,UY,2021-01-31 05:25:27
369,Young,-32.6833,-57.6333,63.0,86,100,8.01,UY,2021-01-31 05:28:29
370,Jhajjar,28.6063,76.6565,62.01,72,0,4.61,IN,2021-01-31 05:28:30
371,Srednekolymsk,67.45,153.6833,-35.95,83,100,6.26,RU,2021-01-31 05:24:50
372,Iskateley,67.6803,53.1512,0.61,93,99,10.4,RU,2021-01-31 05:28:30
373,Daud Khel,32.875,71.5701,62.98,26,0,3.0,PK,2021-01-31 05:28:30
374,Taksimo,56.3444,114.8794,-20.38,79,100,0.85,RU,2021-01-31 05:28:30
375,Namatanai,-3.6667,152.4333,84.51,64,100,11.34,PG,2021-01-31 05:24:46
376,Ulaanbaatar,47.9077,106.8832,5.0,61,40,13.42,MN,2021-01-31 05:28:30
377,Mount Gambier,-37.8333,140.7667,73.4,46,0,16.11,AU,2021-01-31 05:28:31
378,Strelka,58.0728,93.0344,-29.24,80,0,4.76,RU,2021-01-31 05:28:31
379,Cooma,-36.2333,149.1333,77.0,53,40,19.57,AU,2021-01-31 05:28:31
380,Barahona,18.2085,-71.1008,72.59,75,7,2.86,DO,2021-01-31 05:28:31
381,Axim,4.8699,-2.2405,78.35,90,13,7.2,GH,2021-01-31 05:24:39
382,Trelew,-43.249,-65.3051,61.32,55,58,14.14,AR,2021-01-31 05:28:31
383,Sabha,27.0377,14.4283,54.54,43,0,8.43,LY,2021-01-31 05:25:42
384,Lavrentiya,65.5833,-171.0,-12.5,85,79,8.48,RU,2021-01-31 05:24:50
385,Saldanha,-33.0117,17.9442,64.36,91,12,5.17,ZA,2021-01-31 05:25:15
386,Alyangula,-13.8483,136.4192,91.4,58,19,6.91,AU,2021-01-31 05:24:53
387,Kolokani,13.5728,-8.0339,65.28,24,3,11.52,ML,2021-01-31 05:28:32
388,De-Kastri,51.4667,140.7833,0.45,83,100,9.75,RU,2021-01-31 05:28:32
389,Dunn,44.95,-91.8835,28.99,86,90,12.66,US,2021-01-31 05:28:32
390,Emba,48.8264,58.1442,16.12,93,2,8.32,KZ,2021-01-31 05:28:32
391,Kidal,18.4411,1.4078,60.15,27,11,9.01,ML,2021-01-31 05:24:56
392,Sao Filipe,14.8961,-24.4956,73.15,64,87,8.81,CV,2021-01-31 05:25:21
393,Rio Claro,-22.4114,-47.5614,75.0,76,96,1.32,BR,2021-01-31 05:28:32
394,Tigzirt,36.8886,4.1198,53.89,73,34,20.98,DZ,2021-01-31 05:28:32
395,Kahului,20.8947,-156.47,73.4,68,1,14.97,US,2021-01-31 05:28:33
396,Sawtell,-30.3833,153.1,81.0,69,31,14.97,AU,2021-01-31 05:28:33
397,Kogon,39.7228,64.5517,46.4,66,40,4.61,UZ,2021-01-31 05:28:33
398,Kyra,49.5776,111.9753,6.75,86,100,10.27,RU,2021-01-31 05:28:33
399,Kolyvan,55.3053,82.7391,-16.6,69,0,2.24,RU,2021-01-31 05:28:33
400,Mentakab,3.4865,102.3516,83.86,58,99,5.14,MY,2021-01-31 05:28:33
401,Sherlovaya Gora,50.5667,116.25,-16.15,89,95,6.98,RU,2021-01-31 05:28:33
402,Ostrovnoy,68.0531,39.5131,16.27,95,100,7.85,RU,2021-01-31 05:24:56
403,Kulhudhuffushi,6.6221,73.07,81.61,66,0,6.4,MV,2021-01-31 05:24:51
404,Tulun,54.5611,100.5792,-23.21,82,2,5.61,RU,2021-01-31 05:28:34
405,Gangapur,26.4833,76.7167,67.69,24,0,3.02,IN,2021-01-31 05:28:34
406,Garowe,8.4054,48.4845,65.95,78,19,13.06,SO,2021-01-31 05:28:34
407,Padang,-0.9492,100.3543,80.98,76,97,9.04,ID,2021-01-31 05:25:26
408,Himensulan,10.5967,124.2821,84.2,65,75,17.27,PH,2021-01-31 05:28:34
409,Kochi,9.9399,76.2602,87.8,55,0,2.3,IN,2021-01-31 05:24:31
410,Reforma,18.1,-91.0167,68.68,82,81,7.94,MX,2021-01-31 05:28:34
411,Verkhnevilyuysk,63.4453,120.3167,-42.83,77,63,2.1,RU,2021-01-31 05:26:33
412,Rivera,-30.9053,-55.5508,67.28,96,100,2.64,UY,2021-01-31 05:28:34
413,Nome,64.5011,-165.4064,-14.8,76,1,3.98,US,2021-01-31 05:25:27
414,Comarapa,-17.9,-64.4833,57.85,100,97,3.13,BO,2021-01-31 05:28:35
415,Marsala,37.7966,12.4352,59.0,88,75,10.36,IT,2021-01-31 05:28:35
416,Cafarnaum,-11.6936,-41.4683,68.0,86,58,6.2,BR,2021-01-31 05:28:35
417,Amol,36.4696,52.3507,52.47,53,0,2.26,IR,2021-01-31 05:28:35
418,Sultanpur,26.2667,82.0667,62.6,37,0,4.81,IN,2021-01-31 05:28:35
419,Brae,60.3964,-1.353,37.4,81,75,13.8,GB,2021-01-31 05:25:05
420,Pandan,14.0453,124.1694,78.53,75,100,18.16,PH,2021-01-31 05:25:25
421,Anloga,5.7947,0.8973,80.6,89,20,4.61,GH,2021-01-31 05:28:35
422,Deputatskiy,69.3,139.9,-27.44,88,100,2.55,RU,2021-01-31 05:25:51
423,Vuktyl,63.8567,57.3094,4.33,94,100,8.66,RU,2021-01-31 05:28:36
424,Bin Qirdan,33.1378,11.2197,64.49,29,82,25.41,TN,2021-01-31 05:28:36
425,Kyren,51.6828,102.1408,-8.48,80,97,2.06,RU,2021-01-31 05:25:40
426,Aylmer,42.7668,-80.983,23.0,74,90,11.5,CA,2021-01-31 05:28:36
427,Acarau,-2.8856,-40.12,78.03,86,100,10.47,BR,2021-01-31 05:28:36
428,Paraiso,9.8383,-83.8656,68.0,68,20,14.97,CR,2021-01-31 05:28:21
429,Praia,14.9215,-23.5087,73.4,49,0,16.11,CV,2021-01-31 05:25:22
430,Gat,31.61,34.7642,55.0,58,0,1.01,IL,2021-01-31 05:27:21
431,Fuyu,45.1833,124.8167,2.79,94,100,8.08,CN,2021-01-31 05:28:36
432,Portland,45.5234,-122.6762,46.99,76,90,14.97,US,2021-01-31 05:24:26
433,Hami,42.8,93.45,30.94,77,0,6.13,CN,2021-01-31 05:25:10
434,Baturaja,-4.1333,104.1667,81.48,72,94,5.68,ID,2021-01-31 05:28:37
435,Mayo,38.8876,-76.5119,32.0,55,1,5.17,US,2021-01-31 05:28:37
436,Lompoc,34.6391,-120.4579,46.0,93,1,2.01,US,2021-01-31 05:24:47
437,Saint-Francois,46.4154,3.9054,44.01,93,90,2.3,FR,2021-01-31 05:26:28
438,Phangnga,8.4509,98.5298,86.0,58,20,16.11,TH,2021-01-31 05:28:37
439,Floriano,-6.7669,-43.0225,73.87,87,100,1.83,BR,2021-01-31 05:25:08
440,Vaniyambadi,12.6833,78.6167,81.57,38,1,6.73,IN,2021-01-31 05:28:37
441,Jibuti,11.5,42.5,77.0,69,40,7.81,DJ,2021-01-31 05:28:38
442,Kathu,7.9178,98.3332,87.01,58,20,16.11,TH,2021-01-31 05:28:38
443,Durant,33.994,-96.3708,51.8,62,1,16.11,US,2021-01-31 05:27:26
444,Adelaide,-34.9333,138.6,82.99,50,0,14.97,AU,2021-01-31 05:26:23
445,Finschhafen,-6.6024,147.8681,87.15,69,100,18.7,PG,2021-01-31 05:28:38
446,Santa Maria Da Boa Vista,-8.8078,-39.8256,72.99,79,100,4.63,BR,2021-01-31 05:28:38
447,Hit,33.6416,42.8251,49.6,61,95,9.75,IQ,2021-01-31 05:28:38
448,Husavik,66.0449,-17.3389,15.8,73,75,9.22,IS,2021-01-31 05:25:28
449,Miramar,25.9873,-80.2323,70.0,49,95,9.22,US,2021-01-31 05:22:48
450,Semporna,4.4818,118.6112,77.0,94,40,11.25,MY,2021-01-31 05:28:39
451,Okhotsk,59.3833,143.3,-4.25,82,0,16.62,RU,2021-01-31 05:28:39
452,Tocopilla,-22.092,-70.1979,65.88,64,3,4.5,CL,2021-01-31 05:28:39
453,Aklavik,68.2191,-135.0107,-27.4,68,100,7.09,CA,2021-01-31 05:25:10
454,Beihai,21.4833,109.1,70.27,65,5,11.61,CN,2021-01-31 05:28:39
455,East Millcreek,40.7,-111.8105,32.0,86,1,3.76,US,2021-01-31 05:28:39
456,Sao Jose Da Coroa Grande,-8.8978,-35.1478,77.41,81,98,6.8,BR,2021-01-31 05:28:39
457,Aykhal,66.0,111.5,-30.57,81,100,12.5,RU,2021-01-31 05:25:41
458,Sire,12.9299,5.2043,63.0,26,53,10.67,NG,2021-01-31 05:28:39
459,Aracati,-4.5617,-37.7697,79.03,76,98,9.28,BR,2021-01-31 05:27:27
460,Pedasi,7.5333,-80.0333,78.73,75,81,24.45,PA,2021-01-31 05:28:40
461,Ancud,-41.8697,-73.8203,51.01,93,0,1.14,CL,2021-01-31 05:25:07
462,Port Blair,11.6667,92.75,83.55,66,0,12.01,IN,2021-01-31 05:24:50
463,Alfonsine,44.5061,12.0564,44.6,93,71,4.61,IT,2021-01-31 05:28:40
464,San Francisco Del Mar,16.2333,-94.65,74.25,82,8,12.46,MX,2021-01-31 05:28:40
465,Leca Da Palmeira,41.191,-8.7003,51.8,100,75,6.91,PT,2021-01-31 05:28:40
466,Hay River,60.8156,-115.7999,-18.4,69,20,4.61,CA,2021-01-31 05:28:40
467,Chase,50.8165,-119.6857,33.8,93,99,1.14,CA,2021-01-31 05:28:40
468,Monrovia,6.3005,-10.7969,75.2,94,40,5.64,LR,2021-01-31 05:26:45
469,Yuci,37.6803,112.7319,46.4,14,0,8.95,CN,2021-01-31 05:28:41
470,Waingapu,-9.6567,120.2641,82.85,75,100,15.79,ID,2021-01-31 05:28:41
471,Yulara,-25.2406,130.9889,96.8,19,75,16.11,AU,2021-01-31 05:21:29
472,Tessalit,20.1986,1.0114,59.09,27,0,8.19,ML,2021-01-31 05:28:41
473,Tashtyp,52.7939,89.8983,-10.5,86,100,4.38,RU,2021-01-31 05:28:41
474,Mpika,-11.8343,31.4529,65.1,89,92,0.69,ZM,2021-01-31 05:28:41
475,Auki,-8.7676,160.7034,84.22,73,96,15.5,SB,2021-01-31 05:28:42
476,Astaneh-Ye Ashrafiyeh,37.2596,49.9444,50.09,49,0,2.89,IR,2021-01-31 05:28:42
477,Sechura,-5.5569,-80.8222,77.0,62,36,12.41,PE,2021-01-31 05:25:31
478,Tvoroyri,61.5556,-6.8111,30.2,80,75,14.97,FO,2021-01-31 05:28:42
479,Lazeshchyna,48.2685,24.4201,18.43,93,99,2.37,UA,2021-01-31 05:28:42
480,Tecoanapa,16.5167,-98.75,74.37,84,50,3.53,MX,2021-01-31 05:28:42
481,Pemangkat,1.1667,108.9667,83.05,76,88,11.18,ID,2021-01-31 05:28:42
482,Muswellbrook,-32.2667,150.9,80.2,61,71,13.31,AU,2021-01-31 05:28:42
483,Parrsboro,45.4001,-64.332,14.0,79,97,2.3,CA,2021-01-31 05:28:42
484,Lago Da Pedra,-4.3333,-45.1667,73.24,96,99,1.54,BR,2021-01-31 05:28:42
485,Bereda,43.2686,-7.5406,50.0,100,100,7.0,ES,2021-01-31 05:24:56
486,Lima,-12.0432,-77.0282,72.0,83,0,10.36,PE,2021-01-31 05:24:18
487,Faya,18.3851,42.4509,55.4,62,0,4.61,SA,2021-01-31 05:25:32
488,Tukrah,32.5341,20.5791,59.52,65,0,13.67,LY,2021-01-31 05:26:41
489,Kijang,35.2442,129.2139,55.4,18,0,8.05,KR,2021-01-31 05:28:43
490,Malakal,9.5334,31.6605,72.14,23,49,8.99,SS,2021-01-31 05:28:43
491,Flinders,-34.5833,150.8552,70.0,94,98,1.01,AU,2021-01-31 05:25:48
492,Mandera,3.9366,41.867,74.41,60,45,8.93,KE,2021-01-31 05:28:43
493,Mananjary,-21.2167,48.3333,82.11,72,11,3.62,MG,2021-01-31 05:28:43
494,Tubuala,9.5167,-79.0333,75.0,88,20,3.44,PA,2021-01-31 05:28:44
495,Shenjiamen,29.9576,122.298,55.51,77,64,15.12,CN,2021-01-31 05:28:44
496,Weston,26.1004,-80.3998,69.8,49,97,9.22,US,2021-01-31 05:28:44
497,Nizwa,22.9333,57.5333,73.22,28,0,0.98,OM,2021-01-31 05:25:38
498,San Quintin,30.4833,-115.95,56.43,77,2,4.68,MX,2021-01-31 05:26:34
499,Balsas,-7.5325,-46.0356,72.01,90,66,0.72,BR,2021-01-31 05:23:28
500,Anadyr,64.75,177.4833,-0.4,78,90,29.08,RU,2021-01-31 05:25:08
501,Qui Nhon,13.7667,109.2333,75.4,79,100,13.56,VN,2021-01-31 05:25:37
502,Kutum,14.2,24.6667,49.24,43,0,3.38,SD,2021-01-31 05:25:15
503,Rock Sound,24.9,-76.2,70.3,65,86,17.43,BS,2021-01-31 05:28:45
504,Klaipeda,55.7172,21.1175,32.0,69,90,6.91,LT,2021-01-31 05:28:45
505,Puerto Leguizamo,-0.1934,-74.7819,73.51,70,64,2.19,CO,2021-01-31 05:28:45
506,Alanya,36.5438,31.9998,48.2,87,0,6.91,TR,2021-01-31 05:28:34
507,Kupang,-10.1667,123.5833,82.4,83,90,16.11,ID,2021-01-31 05:24:59
508,Payakumbuh,-0.2202,100.6308,78.39,68,93,2.93,ID,2021-01-31 05:28:45
509,Yongan,39.6957,113.6871,36.14,59,0,25.39,CN,2021-01-31 05:28:45
510,Flin Flon,54.7682,-101.865,3.69,94,89,2.95,CA,2021-01-31 05:28:45
511,Pacifica,37.6138,-122.4869,52.0,67,98,5.1,US,2021-01-31 05:26:43
512,Tambopata,-12.7333,-69.1833,71.65,98,40,2.55,PE,2021-01-31 05:25:21
513,Walvis Bay,-22.9575,14.5053,66.99,77,7,8.05,NA,2021-01-31 05:25:04
514,Puerto Colombia,10.9878,-74.9547,77.0,78,0,13.8,CO,2021-01-31 05:28:46
515,Ayagoz,47.9714,80.4392,19.31,90,100,13.78,KZ,2021-01-31 05:28:46
516,Tambura,5.6,27.4667,65.8,27,40,5.01,SS,2021-01-31 05:28:46
517,Methoni,36.8197,21.7049,51.01,100,20,6.13,GR,2021-01-31 05:28:46
518,Cabo San Lucas,22.8909,-109.9124,64.0,82,53,1.01,MX,2021-01-31 05:25:06
519,Mao,39.8885,4.2658,51.8,71,0,13.8,ES,2021-01-31 05:26:23
520,Portobelo,9.55,-79.65,79.0,99,75,15.35,PA,2021-01-31 05:28:46
521,Luzhou,28.8724,105.4405,55.89,60,100,2.33,CN,2021-01-31 05:28:46
522,Geraldton,-28.7667,114.6,100.4,25,0,18.41,AU,2021-01-31 05:24:35
523,Huambo,-12.7761,15.7392,55.94,94,100,2.01,AO,2021-01-31 05:28:47
524,Hauterive,46.0901,3.4459,46.4,71,75,9.22,FR,2021-01-31 05:28:47
525,Broome,42.2506,-75.833,10.4,85,40,1.28,US,2021-01-31 05:28:47
526,San Jeronimito,17.55,-101.3333,73.6,83,49,3.56,MX,2021-01-31 05:28:47
527,Sioux Lookout,50.1001,-91.917,21.2,86,90,5.75,CA,2021-01-31 05:28:47
528,Umm Kaddadah,13.6017,26.6876,58.33,32,23,13.71,SD,2021-01-31 05:26:23
529,Tateyama,34.9833,139.8667,55.99,47,20,10.36,JP,2021-01-31 05:24:59
530,Gambo,4.6482,22.2633,61.45,44,95,1.48,CF,2021-01-31 05:28:47
531,Razumnoye,50.5344,36.6846,35.6,100,90,11.18,RU,2021-01-31 05:28:47
532,Matay,28.419,30.7792,47.5,51,0,4.88,EG,2021-01-31 05:28:48
533,Ewa Beach,21.3156,-158.0072,75.2,68,1,5.75,US,2021-01-31 05:28:48
534,Chifeng,42.2683,118.9636,24.3,92,99,1.12,CN,2021-01-31 05:28:48
535,Mokobeng,-22.9965,27.6678,72.79,83,0,10.71,BW,2021-01-31 05:28:48
536,Jiayuguan,39.8167,98.3,32.77,55,0,7.43,CN,2021-01-31 05:28:48
537,Meulaboh,4.1363,96.1285,85.08,61,70,4.03,ID,2021-01-31 05:24:48
538,Pangoa,-12.1167,-73.0,65.3,94,89,2.3,PE,2021-01-31 05:25:32
539,Dhidhdhoo,6.8833,73.1,81.68,65,0,6.26,MV,2021-01-31 05:26:04
540,Yarada,17.65,83.2667,80.6,69,75,4.61,IN,2021-01-31 05:24:42
541,Pechora,65.1472,57.2244,1.53,93,100,12.33,RU,2021-01-31 05:28:48
542,Huangchuan,32.1272,115.0394,57.76,41,83,6.96,CN,2021-01-31 05:28:49
543,Severodvinsk,64.5635,39.8302,21.2,93,75,2.24,RU,2021-01-31 05:24:01
544,Eydhafushi,5.1033,73.0708,81.61,72,39,10.98,MV,2021-01-31 05:28:49
545,San Andres,12.5847,-81.7006,80.6,74,20,13.8,CO,2021-01-31 05:24:44
546,Alihe,50.5667,123.7167,-6.72,81,100,0.65,CN,2021-01-31 05:28:49
547,Anuradhapura,8.3565,80.4173,82.0,75,29,10.18,LK,2021-01-31 05:28:49
548,Mujiayingzi,42.1167,118.7833,28.65,90,97,6.22,CN,2021-01-31 05:28:49
549,Kuytun,54.3419,101.5036,-26.57,83,9,6.87,RU,2021-01-31 05:28:50
550,Lubao,14.9167,120.55,82.4,47,75,6.91,PH,2021-01-31 05:28:50
551,Jacqueville,5.2052,-4.4146,80.6,94,20,5.75,CI,2021-01-31 05:28:50
552,Lethem,3.3803,-59.7968,77.14,77,60,10.45,GY,2021-01-31 05:28:50
553,Tiarei,-17.5333,-149.3333,73.4,88,75,6.91,PF,2021-01-31 05:25:20
554,Kungurtug,50.5994,97.5228,0.18,85,100,2.66,RU,2021-01-31 05:28:50
555,Riyadh,24.6877,46.7219,53.6,37,0,5.26,SA,2021-01-31 05:24:51
556,Paragominas,-2.9667,-47.4833,71.4,98,97,2.48,BR,2021-01-31 05:28:50
557,Nalut,30.3333,10.85,52.63,40,0,12.55,LY,2021-01-31 05:25:12
558,Ondjiva,-17.0667,15.7333,68.94,89,98,4.88,AO,2021-01-31 05:28:51
559,Jasper,37.2001,-94.3502,43.0,87,90,18.41,US,2021-01-31 05:27:15
560,Treinta Y Tres,-33.2333,-54.3833,66.96,94,100,12.73,UY,2021-01-31 05:28:51
561,Killybegs,54.6333,-8.45,37.0,93,99,8.99,IE,2021-01-31 05:28:51
562,Anupgarh,29.1911,73.2086,69.67,19,0,5.35,IN,2021-01-31 05:28:51
563,Shangrao,28.4532,117.9686,67.68,45,16,2.42,CN,2021-01-31 05:28:51
564,Strezhevoy,60.7333,77.5889,-14.8,70,75,15.66,RU,2021-01-31 05:28:51
565,Quatre Cocos,-20.2078,57.7625,84.99,70,40,10.36,MU,2021-01-31 05:28:51
566,Taree,-31.9,152.4667,79.0,73,90,1.99,AU,2021-01-31 05:25:36
567,Ponta Delgada,37.7333,-25.6667,63.0,94,75,11.5,PT,2021-01-31 05:28:52
568,Hearst,49.6835,-83.6665,-9.4,84,0,3.44,CA,2021-01-31 05:28:52
569,Katsina,12.9894,7.6006,60.87,29,16,9.44,NG,2021-01-31 05:25:39
570,Bagotville,-28.9833,153.4167,80.6,73,90,11.5,AU,2021-01-31 05:28:52
571,Fortuna,40.5982,-124.1573,54.0,71,90,19.57,US,2021-01-31 05:24:50
572,Reconquista,-29.15,-59.65,72.28,86,31,9.19,AR,2021-01-31 05:28:52
573,Kangaba,11.9333,-8.4167,65.95,24,0,6.02,ML,2021-01-31 05:28:52
574,Puerto Baquerizo Moreno,-0.9,-89.6,76.69,85,5,8.5,EC,2021-01-31 05:28:52
575,Kayiry,46.9454,33.7059,39.34,92,100,18.32,UA,2021-01-31 05:28:52
576,Minsk,53.9,27.5667,21.2,93,75,6.71,BY,2021-01-31 05:25:32
577,Rio De Jesus,7.9844,-81.1631,71.31,82,81,3.04,PA,2021-01-31 05:28:53
578,Nuuk,64.1835,-51.7216,17.6,73,20,16.11,GL,2021-01-31 05:28:53
579,Yaksatovo,46.2434,48.0151,30.2,93,90,11.18,RU,2021-01-31 05:28:53
580,Xinyang,32.1228,114.0656,57.96,35,95,4.23,CN,2021-01-31 05:28:53
581,Saint-Joseph,-21.3667,55.6167,87.8,55,0,9.22,RE,2021-01-31 05:25:05
582,Semey,50.4111,80.2275,3.2,85,0,11.18,KZ,2021-01-31 05:28:53
583,Ushumun,52.7833,126.5333,-20.02,84,90,0.85,RU,2021-01-31 05:28:54
584,Marau,-28.4492,-52.2,67.32,96,64,6.38,BR,2021-01-31 05:28:54
585,Hovd,48.0056,91.6419,17.78,72,16,2.39,MN,2021-01-31 05:28:54
586,Ta Khmau,11.4833,104.95,86.0,48,20,5.75,KH,2021-01-31 05:28:55
587,Etla,17.0608,-96.7944,56.86,61,60,1.92,MX,2021-01-31 05:28:55
588,Aleksandrovsk-Sakhalinskiy,50.8975,142.1561,2.03,91,100,9.37,RU,2021-01-31 05:28:55
