City_ID,City,Country,Lat,Lng,Max Temp,Humidity,Cloudiness,Wind Speed,Current Description,Date
0,Avarua,CK,-21.2078,-159.775,80.6,78,75,5.75,light rain,2021-02-01 03:39:33
1,Bengkulu,ID,-3.8004,102.2655,85.46,59,77,5.99,broken clouds,2021-02-01 03:39:39
2,Adrar,MR,20.5022,-10.0711,62.76,28,99,7.54,overcast clouds,2021-02-01 03:40:42
3,Tuktoyaktuk,CA,69.4541,-133.0374,-27.4,75,20,3.44,few clouds,2021-02-01 03:39:36
4,Monki,PL,53.405,22.7979,12.99,88,20,7.96,few clouds,2021-02-01 03:40:42
5,Albany,US,42.6001,-73.9662,16.0,55,100,2.26,overcast clouds,2021-02-01 03:39:29
6,Ilulissat,GL,69.2167,-51.1,8.6,52,75,6.91,broken clouds,2021-02-01 03:39:14
7,Kapaa,US,22.0752,-159.319,75.2,69,40,10.36,scattered clouds,2021-02-01 03:38:49
8,Maputo,MZ,-25.9653,32.5892,78.8,89,75,6.91,broken clouds,2021-02-01 03:40:42
9,Yellowknife,CA,62.456,-114.3525,-5.8,77,75,4.61,light snow,2021-02-01 03:38:25
10,Butaritari,KI,3.0707,172.7902,81.25,82,53,14.03,broken clouds,2021-02-01 03:39:32
11,Jamestown,US,42.097,-79.2353,27.0,80,90,8.05,light snow,2021-02-01 03:37:58
12,Mar Del Plata,AR,-38.0023,-57.5575,64.0,72,75,11.5,broken clouds,2021-02-01 03:39:43
13,Canutama,BR,-6.5339,-64.3831,75.22,93,93,1.21,overcast clouds,2021-02-01 03:39:51
14,Sugod,PH,12.987,124.0805,79.65,79,88,13.82,overcast clouds,2021-02-01 03:40:43
15,Nelson Bay,AU,-32.7167,152.15,84.99,61,40,12.66,scattered clouds,2021-02-01 03:40:43
16,Shu,KZ,43.5983,73.7614,35.6,84,100,4.68,overcast clouds,2021-02-01 03:40:43
17,Busselton,AU,-33.65,115.3333,86.68,29,0,6.11,clear sky,2021-02-01 03:39:33
18,Ushuaia,AR,-54.8,-68.3,50.0,76,75,13.8,light intensity drizzle,2021-02-01 03:39:31
19,Ixtapa,MX,20.7,-105.2,70.0,94,1,1.92,clear sky,2021-02-01 03:39:59
20,Sterling,US,39.0062,-77.4286,30.2,86,90,9.22,light intensity drizzle,2021-02-01 03:36:39
21,Amnat Charoen,TH,15.9167,104.75,84.18,44,6,11.65,clear sky,2021-02-01 03:40:44
22,Sao Filipe,CV,14.8961,-24.4956,71.51,75,0,6.93,clear sky,2021-02-01 03:40:44
23,Seoul,KR,37.5683,126.9778,50.0,66,75,10.36,broken clouds,2021-02-01 03:38:52
24,Hithadhoo,MV,-0.6,73.0833,82.69,73,76,7.7,broken clouds,2021-02-01 03:36:59
25,Clyde River,CA,70.4692,-68.5914,-4.0,84,90,23.02,mist,2021-02-01 03:38:30
26,Najran,SA,17.4924,44.1277,51.8,58,0,0.89,clear sky,2021-02-01 03:37:34
27,Nioro,GM,13.35,-15.75,70.75,19,68,4.21,broken clouds,2021-02-01 03:40:45
28,Upernavik,GL,72.7868,-56.1549,5.14,93,100,8.86,overcast clouds,2021-02-01 03:39:50
29,New Norfolk,AU,-42.7826,147.0587,73.4,53,75,11.5,moderate rain,2021-02-01 03:39:32
30,Chokurdakh,RU,70.6333,147.9167,-18.29,87,100,11.25,overcast clouds,2021-02-01 03:39:41
31,Labuhan,ID,-6.8844,112.2051,84.49,74,81,13.89,broken clouds,2021-02-01 03:37:02
32,Harper,LR,4.375,-7.7169,78.06,89,6,7.38,clear sky,2021-02-01 03:40:45
33,San Patricio,US,28.017,-97.5169,59.0,44,1,9.22,clear sky,2021-02-01 03:39:40
34,Codrington,AU,-38.2667,141.9667,63.66,72,80,13.82,broken clouds,2021-02-01 03:39:39
35,Rikitea,PF,-23.1203,-134.9692,79.63,64,19,6.71,few clouds,2021-02-01 03:39:30
36,Punta Arenas,CL,-53.15,-70.9167,53.6,62,90,29.93,overcast clouds,2021-02-01 03:37:13
37,Tuatapere,NZ,-46.1333,167.6833,63.82,65,71,5.28,broken clouds,2021-02-01 03:40:46
38,Saint-Philippe,RE,-21.3585,55.7679,82.4,61,0,5.75,light rain,2021-02-01 03:39:53
39,Vaini,TO,-21.2,-175.2,78.8,94,90,9.22,light rain,2021-02-01 03:39:30
40,Ponta Do Sol,PT,32.6667,-17.1,55.99,52,0,3.0,clear sky,2021-02-01 03:39:43
41,Hokitika,NZ,-42.7167,170.9667,64.99,68,90,12.17,overcast clouds,2021-02-01 03:37:37
42,Topolobampo,MX,25.6,-109.05,61.0,77,90,11.5,overcast clouds,2021-02-01 03:40:46
43,Klaksvik,FO,62.2266,-6.589,24.8,93,99,5.75,overcast clouds,2021-02-01 03:40:46
44,Atuona,PF,-9.8,-139.0333,78.85,76,12,19.08,few clouds,2021-02-01 03:39:37
45,Port Augusta,AU,-32.5,137.7667,73.4,56,93,25.32,overcast clouds,2021-02-01 03:40:47
46,Norman Wells,CA,65.282,-126.8329,-23.8,76,75,5.75,broken clouds,2021-02-01 03:40:47
47,Lebu,CL,-37.6167,-73.65,55.98,91,2,11.68,clear sky,2021-02-01 03:37:11
48,Starozhilovo,RU,54.2254,39.916,21.99,72,55,12.64,broken clouds,2021-02-01 03:40:47
49,Ribeira Grande,PT,38.5167,-28.7,63.34,84,99,33.13,overcast clouds,2021-02-01 03:39:39
50,Nanton,CA,50.3501,-113.7687,41.0,65,100,5.75,overcast clouds,2021-02-01 03:40:47
51,Kempsey,AU,-31.0833,152.8333,81.0,64,21,11.01,few clouds,2021-02-01 03:40:47
52,Saint George,US,37.1041,-113.5841,50.0,46,1,4.61,clear sky,2021-02-01 03:36:42
53,Hermanus,ZA,-34.4187,19.2345,60.01,81,98,13.69,overcast clouds,2021-02-01 03:39:31
54,Victoria,HK,22.2855,114.1577,75.0,60,56,5.01,broken clouds,2021-02-01 03:40:23
55,Puerto Ayora,EC,-0.7393,-90.3518,78.01,91,36,3.0,scattered clouds,2021-02-01 03:39:36
56,Tigre,AR,-34.426,-58.5796,66.2,94,90,4.61,moderate rain,2021-02-01 03:40:48
57,Sioux Lookout,CA,50.1001,-91.917,24.8,93,90,4.61,light snow,2021-02-01 03:40:48
58,Atasu,KZ,48.6814,71.6433,19.89,91,92,2.8,overcast clouds,2021-02-01 03:37:45
59,Mataura,NZ,-46.1927,168.8643,73.94,47,46,6.55,scattered clouds,2021-02-01 03:39:31
60,Honiara,SB,-9.4333,159.95,82.27,79,81,15.77,broken clouds,2021-02-01 03:40:48
61,Longyearbyen,SJ,78.2186,15.6401,6.8,33,75,12.66,broken clouds,2021-02-01 03:40:48
62,Leningradskiy,RU,69.3833,178.4167,-18.99,86,100,13.56,overcast clouds,2021-02-01 03:39:51
63,Kruisfontein,ZA,-34.0033,24.7314,62.01,94,73,1.01,broken clouds,2021-02-01 03:39:38
64,Cape Town,ZA,-33.9258,18.4232,64.0,72,0,21.85,clear sky,2021-02-01 03:36:27
65,Ust-Nera,RU,64.5667,143.2,-28.91,75,97,5.86,overcast clouds,2021-02-01 03:40:49
66,Alta Floresta,BR,-9.8756,-56.0861,71.17,94,40,0.51,scattered clouds,2021-02-01 03:40:49
67,Siyabuswa,ZA,-25.1132,29.0445,69.08,90,100,3.6,moderate rain,2021-02-01 03:40:49
68,Mapua,NZ,-41.25,173.1,79.0,45,3,3.0,clear sky,2021-02-01 03:40:49
69,Nikolskoye,RU,59.7035,30.7861,24.8,86,75,13.42,snow,2021-02-01 03:39:19
70,Barrow,US,71.2906,-156.7887,-16.6,76,1,11.5,clear sky,2021-02-01 03:39:30
71,Amparafaravola,MG,-17.5833,48.2167,68.72,90,48,3.67,scattered clouds,2021-02-01 03:40:49
72,Vilhena,BR,-12.7406,-60.1458,70.41,94,73,0.81,broken clouds,2021-02-01 03:35:50
73,Lagoa,PT,39.05,-27.9833,61.74,87,100,21.72,overcast clouds,2021-02-01 03:37:00
74,Nabire,ID,-3.3667,135.4833,85.28,69,99,3.04,overcast clouds,2021-02-01 03:40:50
75,Iqaluit,CA,63.7506,-68.5145,5.0,72,90,9.22,light snow,2021-02-01 03:40:28
76,Chapais,CA,49.7834,-74.8492,-13.0,84,1,2.95,clear sky,2021-02-01 03:39:40
77,Akyab,MM,20.15,92.9,72.46,25,0,7.38,clear sky,2021-02-01 03:40:50
78,Brazzaville,CG,-4.2658,15.2832,75.2,94,55,3.44,light rain,2021-02-01 03:40:50
79,Jawhar,SO,2.7809,45.5005,69.03,86,10,9.55,clear sky,2021-02-01 03:40:50
80,Mitu,CO,1.1983,-70.1733,72.23,97,100,1.03,overcast clouds,2021-02-01 03:40:51
81,Picota,PE,-6.9197,-76.3304,75.07,79,87,1.52,overcast clouds,2021-02-01 03:40:51
82,Ambon,ID,-3.6954,128.1814,89.6,66,40,9.22,light rain,2021-02-01 03:40:51
83,Saint-Augustin,CA,51.226,-58.6502,11.43,90,0,11.5,clear sky,2021-02-01 03:40:51
84,Lac Du Bonnet,CA,50.2536,-96.0612,12.24,97,100,4.61,overcast clouds,2021-02-01 03:40:52
85,Watertown,US,42.3709,-71.1828,23.0,73,1,2.46,clear sky,2021-02-01 03:38:56
86,Saint-Pierre,RE,-21.3393,55.4781,82.4,61,0,5.75,clear sky,2021-02-01 03:39:47
87,Bathsheba,BB,13.2167,-59.5167,78.8,65,40,20.71,scattered clouds,2021-02-01 03:39:34
88,Tilichiki,RU,60.4667,166.1,0.52,94,100,13.4,overcast clouds,2021-02-01 03:40:18
89,Pevek,RU,69.7008,170.3133,-21.3,86,37,4.12,scattered clouds,2021-02-01 03:39:58
90,Sakaiminato,JP,35.55,133.2333,55.4,54,90,13.8,moderate rain,2021-02-01 03:40:52
91,Envira,BR,-7.3,-70.2167,70.39,98,100,1.43,overcast clouds,2021-02-01 03:40:52
92,Vila Velha,BR,-20.3297,-40.2925,78.01,83,40,6.91,scattered clouds,2021-02-01 03:39:55
93,Kaitangata,NZ,-46.2817,169.8464,66.99,61,7,8.99,clear sky,2021-02-01 03:39:46
94,Bredasdorp,ZA,-34.5322,20.0403,60.01,81,96,9.51,overcast clouds,2021-02-01 03:39:38
95,Namibe,AO,-15.1961,12.1522,71.24,77,91,5.95,overcast clouds,2021-02-01 03:37:15
96,Mahebourg,MU,-20.4081,57.7,82.4,74,40,11.5,light rain,2021-02-01 03:39:50
97,Hobart,AU,-42.8794,147.3294,79.0,53,75,11.5,broken clouds,2021-02-01 03:35:13
98,Ust-Abakan,RU,53.8525,91.3742,-20.2,76,35,2.24,mist,2021-02-01 03:40:53
99,Hami,CN,42.8,93.45,33.15,68,0,6.17,clear sky,2021-02-01 03:39:58
100,Tabou,CI,4.423,-7.3528,77.59,90,0,6.51,clear sky,2021-02-01 03:40:53
101,Rawson,AR,-43.3002,-65.1023,70.38,42,5,23.29,clear sky,2021-02-01 03:36:18
102,Katsuura,JP,35.1333,140.3,52.0,56,75,5.75,broken clouds,2021-02-01 03:37:42
103,Hualmay,PE,-11.0964,-77.6139,69.98,82,99,9.42,overcast clouds,2021-02-01 03:40:54
104,Fortuna,US,40.5982,-124.1573,55.0,94,90,21.85,overcast clouds,2021-02-01 03:39:33
105,Cidreira,BR,-30.1811,-50.2056,73.31,93,100,6.71,overcast clouds,2021-02-01 03:40:54
106,Santa Ines,BR,-3.6667,-45.38,74.86,97,100,3.04,light rain,2021-02-01 03:40:54
107,Shush,IR,32.1942,48.2436,51.55,46,0,6.38,clear sky,2021-02-01 03:40:54
108,Jieshi,CN,22.8134,115.8257,71.01,72,49,4.76,scattered clouds,2021-02-01 03:40:54
109,Nanortalik,GL,60.1432,-45.2371,32.49,90,100,6.33,overcast clouds,2021-02-01 03:40:54
110,Marzuq,YE,14.4,46.4667,56.93,42,11,1.68,few clouds,2021-02-01 03:39:32
111,Lavrentiya,RU,65.5833,-171.0,-6.83,86,100,18.3,overcast clouds,2021-02-01 03:39:59
112,Moerai,PF,-22.4333,-151.3333,78.78,70,100,8.16,overcast clouds,2021-02-01 03:40:55
113,Xuddur,SO,4.1213,43.8894,64.02,84,0,16.26,clear sky,2021-02-01 03:40:55
114,Mukhen,RU,48.1,136.1,-0.53,91,100,6.38,light snow,2021-02-01 03:40:55
115,Port Alfred,ZA,-33.5906,26.891,66.99,85,89,5.99,overcast clouds,2021-02-01 03:39:29
116,Provideniya,RU,64.3833,-173.3,-1.25,90,100,25.43,light snow,2021-02-01 03:40:00
117,Dunedin,NZ,-45.8742,170.5036,66.99,57,43,15.99,scattered clouds,2021-02-01 03:39:54
118,Saldanha,ZA,-33.0117,17.9442,63.23,77,24,20.87,few clouds,2021-02-01 03:39:31
119,San Andres,CO,12.5847,-81.7006,80.6,78,40,13.8,scattered clouds,2021-02-01 03:40:56
120,Bezhetsk,RU,57.7851,36.6965,21.29,97,76,11.43,broken clouds,2021-02-01 03:40:56
121,Port Elizabeth,ZA,-33.918,25.5701,66.2,77,40,16.11,scattered clouds,2021-02-01 03:39:57
122,Ville-Marie,CA,47.3335,-79.433,-5.8,84,1,5.75,clear sky,2021-02-01 03:40:56
123,Faanui,PF,-16.4833,-151.75,80.6,76,61,11.01,light rain,2021-02-01 03:39:44
124,Qaanaaq,GL,77.484,-69.3632,-4.47,88,100,1.86,overcast clouds,2021-02-01 03:39:40
125,Savannah Bight,HN,16.45,-85.85,77.0,93,1,13.69,clear sky,2021-02-01 03:40:57
126,Luderitz,NA,-26.6481,15.1594,65.26,79,0,17.58,clear sky,2021-02-01 03:40:57
127,Bontang,ID,0.1333,117.5,83.43,67,100,8.63,overcast clouds,2021-02-01 03:40:57
128,Bairiki,KI,1.3292,172.9752,86.0,70,20,11.5,few clouds,2021-02-01 03:40:57
129,Mana,GF,5.6592,-53.7767,77.13,81,98,12.88,overcast clouds,2021-02-01 03:40:58
130,Luwingu,ZM,-10.2621,29.9271,63.46,94,100,4.47,light rain,2021-02-01 03:40:58
131,Chikwawa,MW,-16.0335,34.8009,75.52,84,99,2.59,overcast clouds,2021-02-01 03:40:58
132,Kapit,MY,2.0167,112.9333,84.42,79,100,0.94,overcast clouds,2021-02-01 03:40:58
133,Avera,US,33.194,-82.5271,46.4,94,90,6.67,mist,2021-02-01 03:40:20
134,Ancud,CL,-41.8697,-73.8203,54.0,87,0,5.75,clear sky,2021-02-01 03:39:47
135,Kavieng,PG,-2.5744,150.7967,84.42,78,100,15.14,overcast clouds,2021-02-01 03:39:47
136,Bilibino,RU,68.0546,166.4372,-5.06,85,100,12.06,overcast clouds,2021-02-01 03:40:59
137,Castro,BR,-24.7911,-50.0119,62.62,94,78,2.28,broken clouds,2021-02-01 03:39:29
138,Picsi,PE,-6.7178,-79.7697,73.47,66,21,9.31,few clouds,2021-02-01 03:40:59
139,Gambiran,ID,-6.7988,111.4951,85.23,72,79,12.93,broken clouds,2021-02-01 03:40:59
140,East London,ZA,-33.0153,27.9116,66.2,94,75,19.57,light rain,2021-02-01 03:39:38
141,Umm Lajj,SA,25.0213,37.2685,70.2,33,0,2.62,clear sky,2021-02-01 03:40:59
142,Senanga,ZM,-16.1167,23.2667,66.18,96,100,6.17,moderate rain,2021-02-01 03:40:59
143,Jalu,LY,29.0331,21.5482,58.41,32,0,12.95,clear sky,2021-02-01 03:40:59
144,Monze,ZM,-16.2833,27.4833,64.51,96,100,2.68,overcast clouds,2021-02-01 03:40:59
145,Bluff,NZ,-46.6,168.3333,60.82,70,36,16.6,scattered clouds,2021-02-01 03:39:34
146,Esperance,AU,-33.8667,121.9,78.8,38,40,12.66,scattered clouds,2021-02-01 03:40:00
147,Ouadda,CF,8.0777,22.4007,69.51,23,0,5.3,clear sky,2021-02-01 03:41:00
148,Bajil,YE,15.0584,43.2851,69.75,86,4,0.89,clear sky,2021-02-01 03:41:00
149,Tasiilaq,GL,65.6145,-37.6368,14.0,62,90,1.14,overcast clouds,2021-02-01 03:37:14
150,Eureka,US,40.8021,-124.1637,55.0,85,100,8.01,overcast clouds,2021-02-01 03:36:05
151,Takanabe,JP,32.1333,131.5,62.6,55,75,12.66,broken clouds,2021-02-01 03:41:00
152,Quang Ngai,VN,15.1167,108.8,76.6,67,17,7.07,few clouds,2021-02-01 03:41:01
153,Hasaki,JP,35.7333,140.8333,48.0,57,40,2.3,light rain,2021-02-01 03:39:01
154,Narsaq,GL,60.9167,-46.05,41.0,30,75,14.97,broken clouds,2021-02-01 03:41:01
155,Henties Bay,NA,-22.116,14.2845,66.99,85,98,5.64,overcast clouds,2021-02-01 03:41:01
156,Agadez,NE,19.75,10.25,54.27,33,0,4.0,clear sky,2021-02-01 03:41:01
157,Komsomolskiy,UZ,40.4272,71.7189,41.0,45,40,4.61,scattered clouds,2021-02-01 03:40:23
158,Belyy Yar,RU,53.6039,91.3903,-20.2,76,23,0.25,mist,2021-02-01 03:41:02
159,Louiseville,CA,46.2559,-72.9415,3.2,85,0,6.91,clear sky,2021-02-01 03:41:02
160,Monywa,MM,22.1167,95.1333,74.23,38,59,6.64,broken clouds,2021-02-01 03:41:02
161,Alofi,NU,-19.0595,-169.9187,78.8,89,90,9.22,light rain,2021-02-01 03:40:01
162,Thompson,CA,55.7435,-97.8558,8.6,85,75,2.3,light snow,2021-02-01 03:39:41
163,Calvinia,ZA,-31.4707,19.776,55.65,90,1,2.24,clear sky,2021-02-01 03:41:02
164,Tocopilla,CL,-22.092,-70.1979,67.35,65,6,7.9,clear sky,2021-02-01 03:41:02
165,Gamboma,CG,-1.8764,15.8644,71.02,91,99,1.7,light rain,2021-02-01 03:41:02
166,Oktyabrskiy,RU,54.4815,53.471,28.8,97,100,14.25,overcast clouds,2021-02-01 03:41:02
167,Pochutla,MX,15.7432,-96.4661,77.0,83,0,3.04,clear sky,2021-02-01 03:39:52
168,Ballina,AU,-28.8667,153.5667,82.4,57,40,12.66,scattered clouds,2021-02-01 03:41:03
169,Arraial Do Cabo,BR,-22.9661,-42.0278,76.37,86,100,25.37,overcast clouds,2021-02-01 03:40:26
170,Oni,GE,42.5794,43.4425,36.91,73,21,4.83,few clouds,2021-02-01 03:41:03
171,Lufilufi,WS,-13.8745,-171.5986,87.8,74,75,20.71,broken clouds,2021-02-01 03:41:03
172,Plainview,US,40.7765,-73.4673,26.01,80,90,11.5,mist,2021-02-01 03:37:00
173,Touros,BR,-5.1989,-35.4608,78.8,83,40,4.61,scattered clouds,2021-02-01 03:39:45
174,Dikson,RU,73.5069,80.5464,-24.95,80,97,9.04,overcast clouds,2021-02-01 03:39:22
175,Fiumicino,IT,41.7675,12.2291,46.99,93,40,2.3,fog,2021-02-01 03:41:04
176,Ouidah,BJ,6.3631,2.0851,82.4,89,40,2.3,scattered clouds,2021-02-01 03:41:04
177,Raahe,FI,64.6833,24.4833,9.0,85,75,2.3,light snow,2021-02-01 03:41:04
178,Constantine,DZ,36.365,6.6147,50.0,71,90,16.11,overcast clouds,2021-02-01 03:41:04
179,Kaihua,CN,23.3687,104.28,62.91,61,66,11.27,broken clouds,2021-02-01 03:41:04
180,Bethel,US,41.3712,-73.414,19.99,64,100,1.01,overcast clouds,2021-02-01 03:39:40
181,Abbeville,FR,50.1,1.8333,43.0,41,100,2.55,overcast clouds,2021-02-01 03:41:04
182,Waingapu,ID,-9.6567,120.2641,84.88,72,21,16.13,few clouds,2021-02-01 03:40:17
183,Namatanai,PG,-3.6667,152.4333,84.45,76,95,9.89,light rain,2021-02-01 03:41:05
184,Burnie,AU,-41.0667,145.9167,65.88,83,100,5.7,overcast clouds,2021-02-01 03:41:05
185,Luanda,AO,-8.8368,13.2343,78.8,83,20,5.75,few clouds,2021-02-01 03:38:32
186,Salalah,OM,17.0151,54.0924,68.0,64,20,3.44,few clouds,2021-02-01 03:40:18
187,Pangnirtung,CA,66.1451,-65.7125,-6.5,86,100,7.52,overcast clouds,2021-02-01 03:41:05
188,Slave Lake,CA,55.2834,-114.769,10.4,79,90,13.8,overcast clouds,2021-02-01 03:41:05
189,Hovd,MN,48.0056,91.6419,6.8,83,5,1.92,clear sky,2021-02-01 03:41:05
190,Marica,BR,-22.9194,-42.8186,84.2,61,0,10.36,clear sky,2021-02-01 03:41:05
191,San Miguel De Cauri,PE,-10.1,-76.5833,45.75,83,100,1.95,overcast clouds,2021-02-01 03:41:05
192,Murgud,IN,16.4,74.2,76.68,42,58,9.4,broken clouds,2021-02-01 03:41:06
193,Geraldton,AU,-28.7667,114.6,100.4,16,0,23.02,clear sky,2021-02-01 03:39:51
194,Denpasar,ID,-8.65,115.2167,86.0,74,20,12.66,few clouds,2021-02-01 03:36:43
195,Camacha,PT,33.0833,-16.3333,60.8,88,20,8.05,few clouds,2021-02-01 03:41:06
196,Chuy,UY,-33.6971,-53.4616,69.85,91,100,12.26,overcast clouds,2021-02-01 03:39:34
197,Sorong,ID,-0.8833,131.25,83.28,77,99,8.48,moderate rain,2021-02-01 03:39:37
198,Hilo,US,19.7297,-155.09,77.0,61,1,8.05,clear sky,2021-02-01 03:39:13
199,Ailigandi,PA,9.2333,-78.0167,78.98,84,92,10.67,overcast clouds,2021-02-01 03:41:06
200,Hambantota,LK,6.1241,81.1185,82.4,83,20,8.05,few clouds,2021-02-01 03:39:43
201,Laylay,PH,13.4391,121.8202,80.01,76,48,8.01,scattered clouds,2021-02-01 03:41:07
202,Boa Vista,BR,2.8197,-60.6733,80.6,69,0,9.22,clear sky,2021-02-01 03:41:07
203,Galeana,MX,24.8333,-100.0667,48.99,49,7,1.99,clear sky,2021-02-01 03:41:07
204,Daru,PG,-9.0763,143.2092,83.53,81,94,10.89,overcast clouds,2021-02-01 03:41:07
205,Teeli,RU,51.0333,90.2333,-3.12,87,12,0.67,few clouds,2021-02-01 03:41:07
206,Husavik,IS,66.0449,-17.3389,-5.8,77,0,4.61,clear sky,2021-02-01 03:39:36
207,Moussoro,TD,13.6408,16.4901,67.66,24,0,8.41,clear sky,2021-02-01 03:41:07
208,Warrnambool,AU,-38.3833,142.4833,66.99,74,80,13.71,broken clouds,2021-02-01 03:41:03
209,Coachella,US,33.6803,-116.1739,63.0,39,1,1.36,clear sky,2021-02-01 03:41:07
210,Havre-Saint-Pierre,CA,50.2334,-63.5986,8.6,78,1,6.91,clear sky,2021-02-01 03:41:07
211,Maturin,VE,9.75,-63.1767,69.69,97,92,4.32,overcast clouds,2021-02-01 03:41:08
212,Altamira,BR,-3.2033,-52.2064,73.89,96,88,2.24,overcast clouds,2021-02-01 03:37:42
213,Caravelas,BR,-17.7125,-39.2481,74.59,86,3,5.01,clear sky,2021-02-01 03:41:08
214,Bambous Virieux,MU,-20.3428,57.7575,82.4,74,40,11.5,light rain,2021-02-01 03:39:34
215,Buckeye,US,33.3703,-112.5838,63.0,47,90,6.91,overcast clouds,2021-02-01 03:41:08
216,Marsh Harbour,BS,26.5412,-77.0636,72.18,77,91,18.16,overcast clouds,2021-02-01 03:39:38
217,Belaya Kholunitsa,RU,58.84,50.8528,23.65,96,100,19.13,snow,2021-02-01 03:41:09
218,Olutanga,PH,7.3106,122.8464,81.23,72,100,2.51,overcast clouds,2021-02-01 03:41:09
219,Sindor,RU,62.8629,51.8905,29.28,98,100,11.56,snow,2021-02-01 03:41:09
220,Cabo San Lucas,MX,22.8909,-109.9124,66.0,88,20,1.43,few clouds,2021-02-01 03:38:37
221,Salinas,US,36.6777,-121.6555,53.6,82,1,4.61,clear sky,2021-02-01 03:36:40
222,Carnarvon,AU,-24.8667,113.6333,104.0,17,8,17.27,clear sky,2021-02-01 03:39:48
223,Ceres,US,37.5949,-120.9577,57.0,76,1,3.44,clear sky,2021-02-01 03:41:09
224,Vao,NC,-22.6667,167.4833,75.7,77,100,23.33,overcast clouds,2021-02-01 03:39:35
225,Makakilo City,US,21.3469,-158.0858,80.6,47,1,8.05,clear sky,2021-02-01 03:41:10
226,Salumbar,IN,24.1333,74.05,46.4,66,0,4.27,haze,2021-02-01 03:36:16
227,Monte Alegre De Minas,BR,-18.8706,-48.8808,70.05,84,88,1.68,overcast clouds,2021-02-01 03:41:10
228,Basco,PH,20.4487,121.9702,73.04,78,23,14.14,few clouds,2021-02-01 03:41:10
229,Tecoanapa,MX,16.5167,-98.75,76.08,81,2,4.21,clear sky,2021-02-01 03:41:10
230,Anloga,GH,5.7947,0.8973,82.4,89,20,4.61,few clouds,2021-02-01 03:41:10
231,Karratha,AU,-20.7377,116.8463,78.46,81,100,16.84,overcast clouds,2021-02-01 03:41:10
232,Karanpura,IN,29.1018,75.092,63.25,29,0,4.38,clear sky,2021-02-01 03:41:11
233,Mutoko,ZW,-17.397,32.2268,63.66,100,100,3.0,light rain,2021-02-01 03:41:11
234,Kununurra,AU,-15.7667,128.7333,87.8,74,40,5.75,scattered clouds,2021-02-01 03:41:11
235,Dingle,PH,10.9995,122.6711,82.87,73,42,14.41,scattered clouds,2021-02-01 03:41:11
236,Kalmanka,RU,52.8992,83.5433,3.2,72,0,8.95,clear sky,2021-02-01 03:41:11
237,Fort-Shevchenko,KZ,44.5086,50.263,38.01,92,39,5.41,scattered clouds,2021-02-01 03:41:11
238,Dire,ML,12.2833,-10.9667,67.75,21,91,1.88,overcast clouds,2021-02-01 03:41:11
239,Akkermanovka,RU,51.2467,58.2391,-0.4,92,90,1.81,fog,2021-02-01 03:41:12
240,Guider,CM,9.9342,13.9486,70.7,22,0,4.43,clear sky,2021-02-01 03:41:12
241,Lasa,IT,46.6166,10.7002,37.0,100,90,4.61,mist,2021-02-01 03:40:22
242,Kiruna,SE,67.8557,20.2251,17.6,93,90,10.36,light snow,2021-02-01 03:41:12
243,Cherskiy,RU,68.75,161.3,-10.12,83,98,7.67,overcast clouds,2021-02-01 03:40:28
244,Flinders,AU,-34.5833,150.8552,84.0,67,50,4.0,scattered clouds,2021-02-01 03:40:27
245,Bambanglipuro,ID,-7.95,110.2833,86.45,63,98,5.23,overcast clouds,2021-02-01 03:41:12
246,Jasper,US,37.2001,-94.3502,35.6,75,90,13.8,overcast clouds,2021-02-01 03:38:32
247,Padang,ID,-0.9492,100.3543,83.93,63,90,2.53,overcast clouds,2021-02-01 03:38:04
248,Joao Camara,BR,-5.5375,-35.8197,78.8,83,40,4.61,scattered clouds,2021-02-01 03:41:12
249,Noumea,NC,-22.2763,166.4572,84.2,58,0,23.02,clear sky,2021-02-01 03:41:13
250,Sitka,US,57.0531,-135.33,35.6,64,1,3.44,clear sky,2021-02-01 03:41:13
251,Liverpool,GB,53.4106,-2.9779,34.0,86,92,5.75,overcast clouds,2021-02-01 03:40:54
252,Fairbanks,US,64.8378,-147.7164,-5.8,84,90,2.21,overcast clouds,2021-02-01 03:39:41
253,Sinnamary,GF,5.3833,-52.95,77.45,82,96,13.82,overcast clouds,2021-02-01 03:39:42
254,Astara,AZ,38.5,48.6667,35.6,100,40,5.75,scattered clouds,2021-02-01 03:41:13
255,Bandarbeyla,SO,9.4942,50.8122,72.97,68,30,19.62,scattered clouds,2021-02-01 03:41:13
256,Jardim,BR,-21.4803,-56.1381,73.89,93,23,4.5,few clouds,2021-02-01 03:41:13
257,Lahad Datu,MY,5.0268,118.327,82.17,79,100,5.97,overcast clouds,2021-02-01 03:41:14
258,Ames,US,42.0347,-93.6199,27.0,80,90,16.11,overcast clouds,2021-02-01 03:38:36
259,Ranong,TH,9.9658,98.6348,84.2,70,20,4.61,few clouds,2021-02-01 03:41:14
260,Garowe,SO,8.4054,48.4845,61.48,87,18,10.22,few clouds,2021-02-01 03:41:14
261,Itapema,BR,-27.0903,-48.6114,78.8,83,0,4.61,clear sky,2021-02-01 03:41:14
262,Cap-Chat,CA,49.1001,-66.6821,10.4,92,52,8.05,broken clouds,2021-02-01 03:41:14
263,Taoudenni,ML,22.6783,-3.9836,65.3,25,8,8.3,clear sky,2021-02-01 03:41:14
264,Harlingen,US,26.1906,-97.6961,64.0,67,1,6.91,clear sky,2021-02-01 03:39:29
265,Bucerias,MX,20.75,-105.3333,69.01,94,1,2.68,clear sky,2021-02-01 03:41:15
266,Acapulco,MX,16.8634,-99.8901,78.8,78,1,2.3,clear sky,2021-02-01 03:38:48
267,Ugoofaaru,MV,5.6667,73.0,82.44,73,80,12.03,broken clouds,2021-02-01 03:41:15
268,Roura,GF,4.7263,-52.3274,80.6,78,75,10.36,broken clouds,2021-02-01 03:41:15
269,Grindavik,IS,63.8424,-22.4338,28.4,74,0,14.97,clear sky,2021-02-01 03:41:15
270,Chicama,PE,-7.8447,-79.1469,72.66,66,22,6.08,few clouds,2021-02-01 03:41:15
271,Broken Hill,AU,-31.95,141.4333,87.8,18,96,14.97,overcast clouds,2021-02-01 03:41:15
272,Cam Ranh,VN,11.9214,109.1591,77.0,61,20,10.36,few clouds,2021-02-01 03:41:15
273,Bilma,NE,18.6853,12.9164,57.15,30,5,4.65,clear sky,2021-02-01 03:37:05
274,San Cristobal,VE,7.7669,-72.225,66.52,72,98,2.53,overcast clouds,2021-02-01 03:41:16
275,Ahipara,NZ,-35.1667,173.1667,68.85,63,9,7.83,clear sky,2021-02-01 03:41:16
276,Esna,EG,25.2934,32.554,50.0,46,0,2.3,clear sky,2021-02-01 03:41:16
277,Eyl,SO,7.9803,49.8164,70.77,72,29,17.38,scattered clouds,2021-02-01 03:41:16
278,Mount Isa,AU,-20.7333,139.5,96.8,28,75,6.91,broken clouds,2021-02-01 03:40:25
279,Bikin,RU,46.8161,134.26,0.86,92,100,6.67,light snow,2021-02-01 03:41:16
280,Tautira,PF,-17.7333,-149.15,86.0,58,75,6.91,broken clouds,2021-02-01 03:40:18
281,Imbituba,BR,-28.24,-48.6703,77.0,88,75,3.44,broken clouds,2021-02-01 03:37:09
282,Daigo,JP,36.7667,140.35,46.99,65,75,11.5,broken clouds,2021-02-01 03:41:17
283,Ihosy,MG,-22.4,46.1167,71.37,87,89,5.26,overcast clouds,2021-02-01 03:41:17
284,Bodden Town,KY,19.2833,-81.25,78.01,73,20,5.75,few clouds,2021-02-01 03:41:17
285,Lakatoro,VU,-16.0999,167.4164,80.35,75,97,9.37,overcast clouds,2021-02-01 03:41:17
286,Saskylakh,RU,71.9167,114.0833,-31.09,83,62,7.49,broken clouds,2021-02-01 03:39:36
287,Hirara,JP,24.8,125.2833,75.2,56,20,14.97,few clouds,2021-02-01 03:38:49
288,Mandan,US,46.8267,-100.8896,21.2,100,90,4.61,fog,2021-02-01 03:41:17
289,Port Hedland,AU,-20.3167,118.5667,78.8,100,90,23.02,light rain,2021-02-01 03:39:48
290,Airai,TL,-8.9266,125.4092,73.0,73,76,7.25,broken clouds,2021-02-01 03:39:45
291,Yar-Sale,RU,66.8333,70.8333,-11.13,90,100,8.72,overcast clouds,2021-02-01 03:41:18
292,Rosehearty,GB,57.697,-2.1132,30.99,89,43,6.31,scattered clouds,2021-02-01 03:41:18
293,San Quintin,MX,30.4833,-115.95,59.27,66,98,7.94,overcast clouds,2021-02-01 03:41:18
294,Hammerfest,NO,70.6634,23.6821,26.6,93,75,10.36,light snow,2021-02-01 03:41:18
295,Abu Samrah,SY,35.3029,37.1841,43.21,96,22,6.53,few clouds,2021-02-01 03:41:18
296,El Dorado,US,38.7666,-120.5177,46.99,78,99,1.99,overcast clouds,2021-02-01 03:41:18
297,Kodiak,US,57.79,-152.4072,30.2,64,1,5.75,clear sky,2021-02-01 03:39:49
298,Graham,US,47.0529,-122.2943,44.01,100,90,3.0,light rain,2021-02-01 03:40:09
299,Menongue,AO,-14.6585,17.691,62.92,93,100,6.93,overcast clouds,2021-02-01 03:41:19
300,Rancho Veloz,CU,22.8806,-80.3917,68.0,94,40,1.14,light rain,2021-02-01 03:41:19
301,Praxedis Guerrero,MX,31.3667,-106.0167,51.8,32,1,10.36,clear sky,2021-02-01 03:41:19
302,Yuli,NG,9.6989,10.2744,70.09,23,16,6.22,few clouds,2021-02-01 03:41:19
303,Porto Novo,BJ,6.4965,2.6036,82.4,89,40,2.3,scattered clouds,2021-02-01 03:41:19
304,Biltine,TD,14.5333,20.9167,68.83,22,0,9.4,clear sky,2021-02-01 03:41:19
305,Arlit,NE,18.7369,7.3853,60.21,25,0,6.58,clear sky,2021-02-01 03:41:19
306,Beringovskiy,RU,63.05,179.3167,16.34,96,100,33.91,snow,2021-02-01 03:39:56
307,Georgetown,MY,5.4112,100.3354,86.0,62,20,9.22,few clouds,2021-02-01 03:37:10
308,Mae Hong Son,TH,19.3003,97.9685,71.6,73,0,2.64,clear sky,2021-02-01 03:41:20
309,Dicamay,PH,16.7561,122.0037,73.36,82,91,0.51,overcast clouds,2021-02-01 03:41:20
310,Saint Anthony,US,45.0205,-93.218,32.0,69,90,10.36,overcast clouds,2021-02-01 03:41:20
311,Semirom,IR,31.4167,51.5667,28.74,75,0,1.68,clear sky,2021-02-01 03:41:20
312,Nantucket,US,41.2835,-70.0995,30.0,74,90,4.61,overcast clouds,2021-02-01 03:41:20
313,Thinadhoo,MV,0.5333,72.9333,82.13,80,2,12.24,clear sky,2021-02-01 03:39:27
314,Talnakh,RU,69.4865,88.3972,-15.92,79,100,8.86,overcast clouds,2021-02-01 03:39:59
315,Berdigestyakh,RU,62.0989,126.6992,-39.21,79,100,6.06,overcast clouds,2021-02-01 03:41:21
316,Peniche,PT,39.3558,-9.3811,57.0,85,86,5.99,overcast clouds,2021-02-01 03:41:21
317,Majene,ID,-3.5403,118.9707,83.95,65,100,3.6,overcast clouds,2021-02-01 03:41:21
318,Hinesville,US,31.8469,-81.5959,59.0,100,75,9.19,broken clouds,2021-02-01 03:41:21
319,Krasnoselkup,RU,65.7,82.4667,-16.02,88,98,10.51,overcast clouds,2021-02-01 03:41:22
320,Kiunga,PG,-6.1219,141.2906,75.6,97,100,1.5,light rain,2021-02-01 03:41:22
321,Teruel,ES,40.6667,-0.6667,62.6,61,0,20.71,clear sky,2021-02-01 03:39:44
322,Polyarnyy,RU,69.1989,33.4478,3.2,85,90,3.06,fog,2021-02-01 03:41:22
323,Makokou,GA,0.5738,12.8642,70.11,94,91,4.45,overcast clouds,2021-02-01 03:41:22
324,Mayo,US,38.8876,-76.5119,32.0,100,90,11.5,light snow,2021-02-01 03:41:22
325,Tezu,IN,27.9167,96.1667,73.17,22,0,3.65,clear sky,2021-02-01 03:41:22
326,Panama City,PA,8.9936,-79.5197,78.8,83,75,8.05,broken clouds,2021-02-01 03:38:03
327,Pacific Grove,US,36.6177,-121.9166,54.0,82,1,6.13,clear sky,2021-02-01 03:41:23
328,Urengoy,RU,65.9667,78.3667,-13.38,89,94,8.95,overcast clouds,2021-02-01 03:41:23
329,Mackay,AU,-21.15,149.2,84.2,65,13,17.27,few clouds,2021-02-01 03:40:17
330,Mount Gambier,AU,-37.8333,140.7667,66.2,59,90,18.41,overcast clouds,2021-02-01 03:39:44
331,Yarada,IN,17.65,83.2667,77.0,65,75,5.75,haze,2021-02-01 03:37:56
332,Torbay,CA,47.6666,-52.7314,30.0,93,90,21.85,light intensity drizzle,2021-02-01 03:39:48
333,Bac Lieu,VN,9.285,105.7244,83.98,60,100,16.06,overcast clouds,2021-02-01 03:41:23
334,Krasnokamensk,RU,50.0979,118.0369,-14.73,81,78,4.45,broken clouds,2021-02-01 03:41:23
335,Port Angeles,US,48.1181,-123.4307,43.0,100,90,2.66,light rain,2021-02-01 03:37:41
336,Asau,RO,46.4333,26.4,28.99,72,100,2.86,light snow,2021-02-01 03:41:24
337,Port Hardy,CA,50.6996,-127.4199,42.8,100,90,4.61,overcast clouds,2021-02-01 03:39:54
338,La Ronge,CA,55.1001,-105.2842,17.6,86,19,5.75,few clouds,2021-02-01 03:39:39
339,Sfantu Gheorghe,RO,45.8667,25.7833,33.01,86,100,3.0,overcast clouds,2021-02-01 03:41:24
340,Howard Springs,AU,-12.497,131.047,86.0,74,75,14.97,moderate rain,2021-02-01 03:41:25
341,Flin Flon,CA,54.7682,-101.865,1.67,94,25,2.57,scattered clouds,2021-02-01 03:41:25
342,Tabuny,RU,52.7773,78.7896,4.86,93,100,6.96,overcast clouds,2021-02-01 03:41:25
343,Laguna,US,38.421,-121.4238,55.4,67,20,5.12,few clouds,2021-02-01 03:39:40
344,Pemangkat,ID,1.1667,108.9667,79.45,86,81,13.02,broken clouds,2021-02-01 03:41:25
345,Otjimbingwe,NA,-22.35,16.1333,66.51,56,87,2.28,overcast clouds,2021-02-01 03:41:25
346,Buarcos,PT,40.166,-8.8768,57.2,94,75,4.61,mist,2021-02-01 03:41:25
347,La Palma,US,33.8464,-118.0467,62.6,58,90,3.44,overcast clouds,2021-02-01 03:40:20
348,Nome,US,64.5011,-165.4064,6.8,51,90,14.97,overcast clouds,2021-02-01 03:39:46
349,Khatanga,RU,71.9667,102.5,-36.74,82,0,8.81,clear sky,2021-02-01 03:41:26
350,Nehe,CN,48.4833,124.8333,-13.54,83,100,13.35,overcast clouds,2021-02-01 03:41:26
351,Sarangpur,IN,23.5667,76.4667,66.69,25,0,5.68,clear sky,2021-02-01 03:41:26
352,Erzin,TR,36.9559,36.2,50.0,81,40,10.36,scattered clouds,2021-02-01 03:41:26
353,Mezen,RU,65.8522,44.24,12.15,96,97,6.06,overcast clouds,2021-02-01 03:41:26
354,West Bay,KY,19.3667,-81.4167,78.01,73,20,5.75,few clouds,2021-02-01 03:39:52
355,Itarema,BR,-2.9248,-39.9167,79.81,81,75,14.03,broken clouds,2021-02-01 03:39:52
356,Yate,GB,51.5407,-2.4184,35.01,93,100,6.64,overcast clouds,2021-02-01 03:41:26
357,Songkhla,TH,6.8333,100.6667,84.2,70,40,14.97,scattered clouds,2021-02-01 03:41:27
358,San Policarpo,PH,12.1791,125.5072,81.54,80,93,16.2,overcast clouds,2021-02-01 03:41:27
359,Whitehorse,CA,60.7161,-135.0538,0.0,84,90,3.44,light snow,2021-02-01 03:39:52
360,Balkhash,KZ,46.844,74.9804,6.8,85,0,8.95,clear sky,2021-02-01 03:39:29
361,Innisfail,AU,-17.5333,146.0333,82.0,55,100,3.0,overcast clouds,2021-02-01 03:41:27
362,Buraydah,SA,26.326,43.975,51.8,62,0,5.75,clear sky,2021-02-01 03:41:27
363,Hay River,CA,60.8156,-115.7999,-4.0,71,100,5.75,overcast clouds,2021-02-01 03:41:27
364,Severo-Kurilsk,RU,50.6789,156.125,21.63,93,99,42.26,light snow,2021-02-01 03:39:53
365,Paita,PE,-5.0892,-81.1144,74.48,78,91,13.33,overcast clouds,2021-02-01 03:41:27
366,Chongwe,ZM,-15.3292,28.682,64.67,95,100,0.22,overcast clouds,2021-02-01 03:41:28
367,Zhezkazgan,KZ,47.8043,67.7144,23.54,96,71,1.28,broken clouds,2021-02-01 03:37:27
368,Sola,VU,-13.8833,167.55,87.8,70,75,7.25,broken clouds,2021-02-01 03:41:28
369,Northam,GB,51.0333,-4.2167,41.0,94,100,1.99,overcast clouds,2021-02-01 03:41:28
370,Sisimiut,GL,66.9395,-53.6735,7.09,82,74,11.59,broken clouds,2021-02-01 03:41:28
371,Anchorage,US,61.2181,-149.9003,5.0,72,1,3.0,clear sky,2021-02-01 03:41:28
372,Mount Vernon,US,40.9126,-73.8371,24.8,80,90,20.71,snow,2021-02-01 03:38:15
373,Tymovskoye,RU,50.8456,142.655,-0.33,84,21,1.7,light snow,2021-02-01 03:41:29
374,Roma,US,43.2128,-75.4557,16.0,62,1,8.05,clear sky,2021-02-01 03:41:29
375,Iberia,US,29.9502,-91.7507,50.0,66,1,14.97,clear sky,2021-02-01 03:41:29
376,Broome,US,42.2506,-75.833,21.99,86,90,9.22,snow,2021-02-01 03:41:29
377,Rock Sound,BS,24.9,-76.2,73.69,79,100,20.92,overcast clouds,2021-02-01 03:41:29
378,Moose Factory,CA,51.2585,-80.6094,1.4,85,90,3.44,overcast clouds,2021-02-01 03:41:29
379,Kushiro,JP,42.975,144.3747,26.6,74,20,6.91,snow,2021-02-01 03:39:41
380,Svetlyy,RU,54.675,20.1347,30.2,86,75,11.18,light snow,2021-02-01 03:41:29
381,Meulaboh,ID,4.1363,96.1285,85.59,63,82,0.96,broken clouds,2021-02-01 03:41:30
382,Loubomo,CG,-4.1997,12.6739,70.72,97,78,1.7,broken clouds,2021-02-01 03:41:30
383,Zhigansk,RU,66.7697,123.3711,-42.11,79,51,5.28,broken clouds,2021-02-01 03:41:30
384,Santa Vitoria Do Palmar,BR,-33.5189,-53.3681,69.82,91,98,11.54,overcast clouds,2021-02-01 03:39:12
385,Taybad,IR,34.74,60.7756,50.32,42,96,8.59,overcast clouds,2021-02-01 03:41:30
386,Cape Coast,GH,5.1053,-1.2466,78.64,89,38,10.09,scattered clouds,2021-02-01 03:41:30
387,Richards Bay,ZA,-28.783,32.0377,76.75,91,100,12.73,light rain,2021-02-01 03:41:30
388,Kavaratti,IN,10.5669,72.642,81.41,75,2,13.0,clear sky,2021-02-01 03:41:30
389,Zavodouspenskoye,RU,56.8626,65.0155,6.8,85,75,4.47,mist,2021-02-01 03:41:30
390,Loding,NO,67.3,14.75,19.4,73,0,13.8,clear sky,2021-02-01 03:41:31
391,Kuytun,RU,54.3419,101.5036,-26.36,84,12,2.98,few clouds,2021-02-01 03:41:31
392,Ardakan,IR,32.31,54.0175,42.8,31,0,6.91,clear sky,2021-02-01 03:41:31
393,Pringsewu,ID,-5.3582,104.9744,85.48,69,12,4.59,few clouds,2021-02-01 03:41:31
394,Raudeberg,NO,61.9875,5.1352,28.99,93,75,10.36,broken clouds,2021-02-01 03:41:31
395,Tiksi,RU,71.6872,128.8694,-27.27,86,100,6.6,overcast clouds,2021-02-01 03:39:52
396,Novyy Svit,UA,47.8059,38.0211,39.15,96,100,8.19,overcast clouds,2021-02-01 03:41:31
397,Kushima,JP,31.4583,131.2333,64.4,55,40,11.5,scattered clouds,2021-02-01 03:41:32
398,Ankazoabo,MG,-22.2833,44.5167,76.37,80,0,2.01,clear sky,2021-02-01 03:41:32
399,Metu,ET,8.3,35.5833,57.15,73,60,2.3,broken clouds,2021-02-01 03:41:32
400,Gat,IL,31.61,34.7642,48.99,100,0,3.0,clear sky,2021-02-01 03:37:03
401,Pisco,PE,-13.7,-76.2167,70.0,77,0,10.36,clear sky,2021-02-01 03:41:32
402,Tigil,RU,57.8,158.6667,-1.07,92,100,15.95,snow,2021-02-01 03:41:32
403,Plouzane,FR,48.3833,-4.6167,51.8,93,90,11.5,light rain,2021-02-01 03:37:33
404,Loningen,DE,52.7333,7.7667,28.99,86,100,4.61,light snow,2021-02-01 03:41:33
405,Kahului,US,20.8947,-156.47,77.0,61,20,17.27,few clouds,2021-02-01 03:39:35
406,Pundaguitan,PH,6.3711,126.1689,81.81,76,98,11.03,overcast clouds,2021-02-01 03:41:33
407,Pavlodar,KZ,52.3,76.95,1.4,78,0,6.71,clear sky,2021-02-01 03:41:33
408,San Rafael,AR,-34.6177,-68.3301,54.86,73,91,2.98,overcast clouds,2021-02-01 03:41:33
409,Ilhabela,BR,-23.7781,-45.3581,77.07,83,98,4.0,moderate rain,2021-02-01 03:41:33
410,Te Anau,NZ,-45.4167,167.7167,73.31,49,10,2.71,clear sky,2021-02-01 03:40:25
411,Belle Glade,US,26.6845,-80.6676,66.99,94,47,11.88,scattered clouds,2021-02-01 03:41:33
412,Novikovo,RU,51.1537,37.8879,23.56,96,87,4.88,light snow,2021-02-01 03:41:34
413,Aklavik,CA,68.2191,-135.0107,-20.2,76,100,5.75,light snow,2021-02-01 03:40:19
414,Teguise,ES,29.0605,-13.564,62.6,88,0,11.5,clear sky,2021-02-01 03:41:34
415,Pahrump,US,36.2083,-115.9839,48.0,65,98,1.23,overcast clouds,2021-02-01 03:38:34
416,Gualeguay,AR,-33.1416,-59.3097,64.31,77,93,7.4,moderate rain,2021-02-01 03:41:34
417,Bethanien,NA,-26.502,17.1583,64.54,41,0,8.48,clear sky,2021-02-01 03:41:34
418,Ucluelet,CA,48.9329,-125.5528,43.0,92,96,1.01,light rain,2021-02-01 03:40:21
419,Okhotsk,RU,59.3833,143.3,-8.79,79,0,17.22,clear sky,2021-02-01 03:41:34
420,Los Llanos De Aridane,ES,28.6585,-17.9182,62.6,82,0,11.5,clear sky,2021-02-01 03:41:34
421,Liaoyang,CN,41.2719,123.1731,14.0,48,76,11.18,broken clouds,2021-02-01 03:41:35
422,Ossora,RU,59.2353,163.0719,0.64,91,100,24.54,light snow,2021-02-01 03:41:35
423,Beruwala,LK,6.4788,79.9828,80.19,78,0,2.21,clear sky,2021-02-01 03:41:35
424,Ignacio Zaragoza,MX,28.3833,-107.2167,45.68,56,49,9.51,scattered clouds,2021-02-01 03:41:35
425,Bobrovka,RU,54.047,61.7455,7.57,95,14,7.25,few clouds,2021-02-01 03:41:35
426,Kautokeino,NO,69.0125,23.0412,16.5,96,100,8.52,light snow,2021-02-01 03:41:35
427,Korcula,HR,42.9622,17.1369,44.6,93,75,2.3,broken clouds,2021-02-01 03:41:35
428,Valparaiso,CL,-33.0393,-71.6273,59.85,85,11,10.11,few clouds,2021-02-01 03:37:18
429,Amga,RU,60.8953,131.9608,-35.01,78,100,5.99,overcast clouds,2021-02-01 03:41:36
430,Aitape,PG,-3.1374,142.3475,76.48,89,100,6.42,light rain,2021-02-01 03:41:36
431,Maragogi,BR,-9.0122,-35.2225,77.22,81,100,6.87,overcast clouds,2021-02-01 03:38:28
432,Spencer,US,43.1414,-95.1444,26.6,80,90,12.66,overcast clouds,2021-02-01 03:41:36
433,Araouane,ML,18.9048,-3.5265,64.33,23,50,9.35,scattered clouds,2021-02-01 03:41:36
434,Qinhuangdao,CN,39.9317,119.5883,28.62,64,0,14.09,clear sky,2021-02-01 03:41:36
435,Yazd,IR,31.8972,54.3675,42.8,31,0,6.91,clear sky,2021-02-01 03:41:36
436,Lahan,NP,26.7296,86.4951,67.14,34,0,4.59,clear sky,2021-02-01 03:41:37
437,North Bend,US,43.4065,-124.2243,51.01,94,100,1.99,overcast clouds,2021-02-01 03:36:50
438,Hato Mayor,DO,18.7629,-69.256,73.99,100,40,6.51,scattered clouds,2021-02-01 03:41:37
439,Aripuana,BR,-9.1667,-60.6333,73.94,94,85,1.7,light rain,2021-02-01 03:37:04
440,Vardo,NO,70.3705,31.1107,23.0,86,40,4.61,scattered clouds,2021-02-01 03:41:37
441,Hamilton,US,39.1834,-84.5333,34.0,86,90,12.66,mist,2021-02-01 03:40:31
442,Biak,ID,-0.9131,122.8766,83.14,68,100,2.17,overcast clouds,2021-02-01 03:41:37
443,Port-Gentil,GA,-0.7193,8.7815,80.6,75,66,3.65,broken clouds,2021-02-01 03:39:09
444,Isangel,VU,-19.55,169.2667,87.8,66,75,5.75,broken clouds,2021-02-01 03:39:32
445,Jiexiu,CN,37.0244,111.9125,40.28,52,0,13.04,clear sky,2021-02-01 03:41:38
446,Kysyl-Syr,RU,63.8986,122.7617,-37.89,80,100,6.13,overcast clouds,2021-02-01 03:41:38
447,Sibolga,ID,1.7427,98.7792,88.3,53,32,2.84,scattered clouds,2021-02-01 03:41:38
448,Laredo,US,27.5064,-99.5075,64.4,29,1,10.36,clear sky,2021-02-01 03:40:32
449,Bereda,ES,43.2686,-7.5406,53.01,85,96,13.0,overcast clouds,2021-02-01 03:41:38
450,Praia Da Vitoria,PT,38.7333,-27.0667,64.4,100,75,30.89,broken clouds,2021-02-01 03:39:42
451,Baoro,CF,5.6667,15.9667,64.31,39,6,1.63,clear sky,2021-02-01 03:41:38
452,Qena,EG,26.1615,32.7183,50.0,46,0,2.3,clear sky,2021-02-01 03:41:39
453,Orimattila,FI,60.8049,25.7296,12.0,91,96,3.89,overcast clouds,2021-02-01 03:41:39
454,Deputatskiy,RU,69.3,139.9,-23.13,89,100,2.33,overcast clouds,2021-02-01 03:41:39
455,Cuamba,MZ,-14.8031,36.5372,69.84,97,100,5.39,overcast clouds,2021-02-01 03:41:39
456,Chilca,PE,-12.5211,-76.7372,73.0,77,0,10.36,clear sky,2021-02-01 03:41:39
457,Vestmannaeyjar,IS,63.4427,-20.2734,33.69,86,57,17.49,broken clouds,2021-02-01 03:41:39
458,Amapa,BR,1.0,-52.0,70.95,99,37,2.19,scattered clouds,2021-02-01 03:41:39
459,Hornepayne,CA,49.2138,-84.7705,4.39,94,100,4.03,overcast clouds,2021-02-01 03:41:39
460,San Luis,AR,-33.295,-66.3356,55.4,89,33,10.13,scattered clouds,2021-02-01 03:41:23
461,Ankpa,NG,7.3706,7.6253,71.13,94,12,5.82,few clouds,2021-02-01 03:41:40
462,Naryan-Mar,RU,67.6713,53.087,13.17,96,100,12.71,light snow,2021-02-01 03:41:40
463,Calarasi,MD,47.2544,28.3081,28.4,93,90,4.61,snow,2021-02-01 03:41:40
464,Inverness,GB,57.4791,-4.224,30.0,100,20,3.44,few clouds,2021-02-01 03:40:58
465,Kant,IN,27.8,79.8,59.41,38,0,4.27,clear sky,2021-02-01 03:41:40
466,Srandakan,ID,-7.9386,110.2506,86.76,62,98,5.48,overcast clouds,2021-02-01 03:41:40
467,Sabha,LY,27.0377,14.4283,53.38,43,98,7.25,overcast clouds,2021-02-01 03:41:40
468,Port Keats,AU,-14.25,129.55,80.46,81,100,4.47,overcast clouds,2021-02-01 03:41:41
469,Kibi,GH,6.1649,-0.5538,72.09,98,5,1.66,clear sky,2021-02-01 03:41:41
470,Mao,ES,39.8885,4.2658,55.4,82,0,5.75,clear sky,2021-02-01 03:41:41
471,Progreso,MX,21.2833,-89.6667,73.4,78,40,11.92,scattered clouds,2021-02-01 03:41:41
472,Walvis Bay,NA,-22.9575,14.5053,66.99,77,88,9.22,overcast clouds,2021-02-01 03:41:41
473,Zyryanskoye,RU,56.8306,86.6258,-10.52,88,100,5.95,overcast clouds,2021-02-01 03:41:41
474,Goulburn,AU,-34.75,149.7167,84.99,48,93,7.56,overcast clouds,2021-02-01 03:41:42
475,Coolum Beach,AU,-26.5333,153.1,82.0,68,17,5.01,few clouds,2021-02-01 03:41:42
476,Sao Gabriel Da Cachoeira,BR,-0.1303,-67.0892,73.76,98,100,1.54,overcast clouds,2021-02-01 03:41:42
477,Dicabisagan,PH,17.0818,122.4157,74.82,79,81,6.76,broken clouds,2021-02-01 03:41:42
478,Shuyskoye,RU,59.3736,41.0305,17.58,96,98,9.66,snow,2021-02-01 03:41:42
479,Prescott,US,34.54,-112.4685,37.99,70,1,4.72,clear sky,2021-02-01 03:41:42
480,Ornskoldsvik,SE,63.2909,18.7153,10.4,92,20,10.36,few clouds,2021-02-01 03:41:42
481,Mbandaka,CD,0.0487,18.2603,72.07,88,87,4.18,overcast clouds,2021-02-01 03:41:42
482,Berlevag,NO,70.8578,29.0864,15.8,86,0,10.36,clear sky,2021-02-01 03:40:06
483,Aykhal,RU,66.0,111.5,-40.67,78,100,9.48,overcast clouds,2021-02-01 03:41:43
484,Tonj,SS,7.2737,28.6822,68.61,25,0,4.14,clear sky,2021-02-01 03:41:43
485,Cesis,LV,57.3119,25.2746,27.0,95,80,4.0,broken clouds,2021-02-01 03:41:43
486,Mumford,GH,5.2618,-0.759,79.43,88,32,9.4,scattered clouds,2021-02-01 03:41:43
487,Abu Zabad,SD,12.35,29.25,63.32,27,0,9.98,clear sky,2021-02-01 03:41:43
488,Sarti,GR,40.1,23.9833,59.22,81,100,22.17,overcast clouds,2021-02-01 03:41:44
489,Suoyarvi,RU,62.0833,32.35,7.97,96,78,2.64,light snow,2021-02-01 03:41:44
490,Ustka,PL,54.5805,16.8619,26.71,97,61,10.98,broken clouds,2021-02-01 03:41:44
491,Khorramshahr,IR,30.4397,48.1664,46.4,76,0,2.3,clear sky,2021-02-01 03:41:44
492,Lynge,DK,55.8394,12.2773,30.99,98,60,6.44,broken clouds,2021-02-01 03:41:44
493,Gimli,CA,50.6336,-96.9907,21.2,79,91,3.44,overcast clouds,2021-02-01 03:41:44
494,Cloquet,US,46.7216,-92.4594,26.01,100,90,9.22,overcast clouds,2021-02-01 03:41:45
495,Qui Nhon,VN,13.7667,109.2333,75.24,72,97,12.37,overcast clouds,2021-02-01 03:39:54
496,Bonavista,CA,48.6499,-53.1147,30.0,93,100,6.91,overcast clouds,2021-02-01 03:41:45
497,Ambilobe,MG,-13.2,49.05,75.18,87,88,2.68,overcast clouds,2021-02-01 03:41:45
498,Iquique,CL,-20.2208,-70.1431,69.8,68,0,12.66,clear sky,2021-02-01 03:41:45
499,Haines Junction,CA,60.7522,-137.5108,3.2,66,100,9.22,light snow,2021-02-01 03:39:32
500,Lorengau,PG,-2.0226,147.2712,83.35,77,100,11.18,light rain,2021-02-01 03:41:46
501,Osorno,CL,-40.5667,-73.15,62.6,89,75,6.91,broken clouds,2021-02-01 03:40:43
502,Souillac,MU,-20.5167,57.5167,82.4,74,40,11.5,light rain,2021-02-01 03:41:46
503,Rumphi,MW,-11.0186,33.8575,65.93,86,100,1.21,overcast clouds,2021-02-01 03:41:46
504,Rosetta,EG,31.4044,30.4164,51.8,87,0,4.61,clear sky,2021-02-01 03:41:46
505,Holme,DK,56.1138,10.1725,28.0,100,75,4.61,broken clouds,2021-02-01 03:41:46
506,Keti Bandar,PK,24.1447,67.4497,71.8,72,0,5.14,clear sky,2021-02-01 03:39:37
507,Nueva Imperial,CL,-38.7333,-72.95,55.4,100,0,2.3,clear sky,2021-02-01 03:41:46
508,Skibbereen,IE,51.55,-9.2667,44.6,100,90,11.5,overcast clouds,2021-02-01 03:41:47
509,Kabare,CD,-2.4683,28.8242,60.71,83,100,1.28,overcast clouds,2021-02-01 03:41:47
510,Derzhavinsk,KZ,51.1,66.3167,9.27,91,10,3.58,clear sky,2021-02-01 03:41:47
511,Bima,ID,-8.4667,118.7167,85.19,72,35,6.24,scattered clouds,2021-02-01 03:41:47
512,Turayf,SA,31.6725,38.6637,41.0,93,0,9.22,clear sky,2021-02-01 03:41:47
513,Aguimes,ES,27.9054,-15.4461,69.8,49,20,19.57,few clouds,2021-02-01 03:41:47
514,Pristen,RU,51.2355,36.6959,26.6,92,0,4.47,clear sky,2021-02-01 03:41:47
515,Anadyr,RU,64.75,177.4833,10.4,85,90,51.45,snow,2021-02-01 03:39:26
516,Qostanay,KZ,53.1667,63.5833,-2.2,84,90,2.89,fog,2021-02-01 03:41:48
517,Havre De Grace,US,39.5493,-76.0916,28.99,100,90,14.97,moderate rain,2021-02-01 03:39:01
518,Vysha,RU,53.8477,42.3777,19.09,96,100,10.04,overcast clouds,2021-02-01 03:41:48
519,Yantal,RU,56.8471,105.2542,-26.46,79,63,1.48,broken clouds,2021-02-01 03:41:48
520,Pacifica,US,37.6138,-122.4869,55.99,76,40,5.17,scattered clouds,2021-02-01 03:41:48
521,Necochea,AR,-38.5473,-58.7368,55.0,86,100,9.15,overcast clouds,2021-02-01 03:41:21
522,Sao Joao Da Barra,BR,-21.6403,-41.0511,77.09,82,96,20.36,overcast clouds,2021-02-01 03:39:54
523,Batagay,RU,67.6333,134.6333,-46.84,76,96,0.89,overcast clouds,2021-02-01 03:41:49
524,Luocheng,CN,29.3848,104.0286,60.22,50,0,0.54,clear sky,2021-02-01 03:41:49
525,Koshurnikovo,RU,54.1667,93.3,-5.3,87,25,2.55,scattered clouds,2021-02-01 03:41:49
526,Krumovgrad,BG,41.4667,25.65,52.0,10,99,30.31,overcast clouds,2021-02-01 03:41:49
527,Ajaccio,FR,42.0,8.9167,50.0,93,75,4.61,broken clouds,2021-02-01 03:41:49
528,Pouembout,NC,-21.1333,164.9,81.09,67,98,10.85,overcast clouds,2021-02-01 03:41:49
529,Wodonga,AU,-36.1167,146.8833,80.6,57,90,6.91,light rain,2021-02-01 03:40:18
530,Port Shepstone,ZA,-30.7414,30.455,74.68,77,61,34.58,light rain,2021-02-01 03:41:49
531,Koroni,GR,36.8,21.95,60.01,88,100,2.3,overcast clouds,2021-02-01 03:41:50
532,Muyezerskiy,RU,63.9333,31.65,4.93,95,94,1.32,overcast clouds,2021-02-01 03:41:50
533,Batagay-Alyta,RU,67.8006,130.4114,-34.37,81,100,1.3,overcast clouds,2021-02-01 03:41:50
534,Dunhua,CN,43.3725,128.2425,15.06,91,84,15.57,broken clouds,2021-02-01 03:41:50
535,Virden,US,39.5009,-89.7679,33.01,92,100,7.0,overcast clouds,2021-02-01 03:41:50
536,Novocheremshansk,RU,54.3571,50.1666,19.18,96,93,9.17,overcast clouds,2021-02-01 03:41:50
537,Palmi,IT,38.3653,15.8615,53.01,97,96,5.01,overcast clouds,2021-02-01 03:41:50
538,Kuala Terengganu,MY,5.3302,103.1408,80.6,83,40,5.75,scattered clouds,2021-02-01 03:41:51
539,Kasongo,CD,-4.45,26.6667,69.13,99,100,1.83,light rain,2021-02-01 03:41:51
540,Teya,RU,60.3778,92.6267,-10.37,82,100,1.32,overcast clouds,2021-02-01 03:41:51
541,Paarl,ZA,-33.7338,18.9752,62.01,72,0,21.85,clear sky,2021-02-01 03:41:51
542,Srednekolymsk,RU,67.45,153.6833,-21.24,86,100,8.43,overcast clouds,2021-02-01 03:39:41
543,Puerto El Triunfo,SV,13.2833,-88.55,77.0,78,0,5.75,clear sky,2021-02-01 03:41:51
544,Lodwar,KE,3.1191,35.5973,75.43,35,56,7.36,broken clouds,2021-02-01 03:41:51
545,Salinopolis,BR,-0.6136,-47.3561,79.25,84,95,11.39,moderate rain,2021-02-01 03:37:26
546,Bowen,AU,-20.0167,148.2333,86.0,62,40,19.57,scattered clouds,2021-02-01 03:41:52
547,Oranjemund,NA,-28.55,16.4333,62.94,95,30,7.67,scattered clouds,2021-02-01 03:41:52
548,Rajpipla,IN,21.8667,73.5,59.0,72,0,3.44,haze,2021-02-01 03:41:52
549,Atambua,ID,-9.1061,124.8925,81.25,73,65,9.06,broken clouds,2021-02-01 03:40:21
550,Itoman,JP,26.1247,127.6694,71.6,56,75,13.8,broken clouds,2021-02-01 03:40:20
551,San Borja,BO,-14.8167,-66.85,74.25,96,53,2.73,broken clouds,2021-02-01 03:41:52
552,Horki,BY,54.2861,30.9842,15.46,97,88,9.98,snow,2021-02-01 03:41:52
553,Ust-Tarka,RU,55.5672,75.705,-0.35,88,0,5.32,clear sky,2021-02-01 03:41:53
554,Compostela,PH,7.6731,126.0889,82.47,76,100,5.75,overcast clouds,2021-02-01 03:41:53
555,Pierre,US,44.3683,-100.351,28.99,93,90,6.91,fog,2021-02-01 03:37:41
556,Port Moresby,PG,-9.4431,147.1797,80.6,83,75,20.71,broken clouds,2021-02-01 03:39:10
557,Ulkan,RU,57.243,107.3223,-26.7,79,76,2.1,broken clouds,2021-02-01 03:41:54
558,Campo Grande,BR,-20.4428,-54.6464,69.8,94,20,10.36,few clouds,2021-02-01 03:41:54
559,Harnosand,SE,62.6323,17.9379,12.0,92,95,6.91,overcast clouds,2021-02-01 03:40:22
560,Kurumkan,RU,54.3,110.3,-18.89,80,75,1.5,broken clouds,2021-02-01 03:41:54
561,Labuan,MY,5.2767,115.2417,84.2,74,20,9.22,few clouds,2021-02-01 03:41:54
562,Marawi,PH,7.9986,124.2928,78.01,87,100,5.01,light rain,2021-02-01 03:41:54
563,Mahenge,TZ,-8.6833,36.7167,63.73,100,100,3.31,overcast clouds,2021-02-01 03:41:54
564,Grand Gaube,MU,-20.0064,57.6608,81.0,81,16,8.01,few clouds,2021-02-01 03:40:19
565,Erie,US,42.7667,-78.6664,23.0,85,96,5.01,overcast clouds,2021-02-01 03:41:55
566,Genhe,CN,50.7833,121.5167,-17.52,80,100,4.74,overcast clouds,2021-02-01 03:41:55
567,San Pedro,PH,14.35,121.0167,84.99,61,40,5.75,scattered clouds,2021-02-01 03:40:20
568,Dhidhdhoo,MV,6.8833,73.1,81.88,74,100,10.11,overcast clouds,2021-02-01 03:41:55
569,Port Macquarie,AU,-31.4333,152.9167,84.99,50,4,1.99,clear sky,2021-02-01 03:41:55
570,Mehamn,NO,71.0357,27.8492,15.8,86,0,10.36,clear sky,2021-02-01 03:41:55
571,Neiafu,TO,-18.65,-173.9833,82.4,78,75,13.8,broken clouds,2021-02-01 03:41:56
572,Grand-Lahou,CI,5.1367,-5.0242,78.66,88,0,9.78,clear sky,2021-02-01 03:41:56
573,Volgodonsk,RU,47.5136,42.1514,36.1,94,74,6.29,broken clouds,2021-02-01 03:41:56
574,Cuencame,MX,24.8711,-103.6964,57.38,55,12,5.68,few clouds,2021-02-01 03:41:56
575,Pusad,IN,19.9,77.5833,73.62,21,0,6.82,clear sky,2021-02-01 03:38:30
576,Severo-Yeniseyskiy,RU,60.3725,93.0408,-13.59,85,100,1.9,overcast clouds,2021-02-01 03:41:56
577,Kutum,SD,14.2,24.6667,55.71,34,0,5.97,clear sky,2021-02-01 03:41:56
578,Kapoeta,SS,4.7717,33.5903,81.07,29,99,21.88,overcast clouds,2021-02-01 03:41:56
579,Garden City,US,42.3256,-83.331,28.99,74,90,18.41,overcast clouds,2021-02-01 03:41:57
580,Tyukalinsk,RU,55.8732,72.1967,2.26,91,0,6.64,clear sky,2021-02-01 03:41:57
581,Wilmington,US,34.2257,-77.9447,57.2,94,90,5.75,heavy intensity rain,2021-02-01 03:39:19
582,Feijo,BR,-8.1642,-70.3536,70.14,96,100,0.25,overcast clouds,2021-02-01 03:41:57
583,Chase,CA,50.8165,-119.6857,39.99,93,100,1.14,light rain,2021-02-01 03:41:57
584,Homer,US,59.6425,-151.5483,19.4,63,1,3.44,clear sky,2021-02-01 03:41:57
585,Palmer,US,42.1584,-72.3287,19.0,73,90,4.61,overcast clouds,2021-02-01 03:39:49
586,Qatana,SY,33.4354,36.0815,48.0,93,9,3.44,clear sky,2021-02-01 03:41:57
587,Pendleton,US,45.6721,-118.7886,52.0,46,75,16.11,broken clouds,2021-02-01 03:41:57
588,Yulara,AU,-25.2406,130.9889,95.0,20,40,19.57,scattered clouds,2021-02-01 03:40:01
589,Rocha,UY,-34.4833,-54.3333,67.89,83,100,8.79,overcast clouds,2021-02-01 03:41:58
590,Cap Malheureux,MU,-19.9842,57.6142,81.0,81,14,8.01,few clouds,2021-02-01 03:39:31
591,Pagudpud,PH,18.5616,120.7868,80.6,65,75,5.75,broken clouds,2021-02-01 03:41:58
592,Barry,GB,51.4067,-3.2694,35.6,93,90,6.91,overcast clouds,2021-02-01 03:38:59
593,Salamanca,ES,40.8333,-6.0,46.0,99,94,8.01,overcast clouds,2021-02-01 03:41:58
594,Tarko-Sale,RU,64.9225,77.785,-12.05,90,87,9.57,overcast clouds,2021-02-01 03:40:21
595,Westport,US,41.1415,-73.3579,24.8,50,90,10.36,light snow,2021-02-01 03:37:14
596,Yambio,SS,4.5721,28.3955,68.13,39,53,1.48,broken clouds,2021-02-01 03:41:59
597,Mareeba,AU,-17.0,145.4333,90.0,64,95,3.0,overcast clouds,2021-02-01 03:41:11
598,Bartlesville,US,36.7473,-95.9808,36.0,75,90,9.22,overcast clouds,2021-02-01 03:41:59
599,Isla Mujeres,MX,21.2311,-86.731,75.99,88,20,4.61,few clouds,2021-02-01 03:41:59
600,Moree,AU,-29.4667,149.85,91.4,33,40,11.5,scattered clouds,2021-02-01 03:41:59
601,Palana,RU,59.1167,159.9667,-2.65,95,100,34.87,light snow,2021-02-01 03:41:59
602,Pangai,TO,-19.8,-174.35,82.4,83,90,9.22,light rain,2021-02-01 03:41:59
603,Fatehpur,IN,25.9333,80.8,61.38,36,0,3.56,clear sky,2021-02-01 03:38:11
604,Surt,LY,31.2089,16.5887,60.64,70,49,12.39,scattered clouds,2021-02-01 03:42:00
605,Sukumo,JP,32.9333,132.7333,58.87,69,99,11.97,overcast clouds,2021-02-01 03:42:00
606,Takoradi,GH,4.8845,-1.7554,78.13,88,12,7.67,few clouds,2021-02-01 03:37:24
607,Abu Kamal,SY,34.4506,40.9171,48.2,62,0,6.69,clear sky,2021-02-01 03:42:00
608,Nouadhibou,MR,20.931,-17.0347,64.4,82,0,20.71,clear sky,2021-02-01 03:42:00
609,Tiarei,PF,-17.5333,-149.3333,86.0,58,75,6.91,broken clouds,2021-02-01 03:42:00
610,Honningsvag,NO,70.9821,25.9704,15.8,86,0,10.36,light snow,2021-02-01 03:42:00
611,Nuuk,GL,64.1835,-51.7216,17.6,79,75,10.36,broken clouds,2021-02-01 03:39:46
612,Katima Mulilo,NA,-17.5,24.2667,67.78,90,100,4.07,overcast clouds,2021-02-01 03:42:01
613,Grand Forks,US,47.9417,-97.4337,21.2,93,90,5.93,overcast clouds,2021-02-01 03:42:01
614,Nguru,NG,12.8791,10.4526,64.96,25,31,8.72,scattered clouds,2021-02-01 03:42:01
615,Along,IN,28.1667,94.7667,66.04,31,5,0.58,clear sky,2021-02-01 03:42:01
616,Vanimo,PG,-2.6741,141.3028,78.24,88,100,8.21,light rain,2021-02-01 03:42:01
617,Bundaberg,AU,-24.85,152.35,84.0,51,75,13.8,broken clouds,2021-02-01 03:41:33
618,Guerrero Negro,MX,27.9769,-114.0611,64.04,56,100,2.39,overcast clouds,2021-02-01 03:39:43
619,Wattegama,LK,6.7989,81.4808,82.4,83,20,8.05,few clouds,2021-02-01 03:42:02
620,Sangar,RU,63.9242,127.4739,-44.32,77,76,3.65,broken clouds,2021-02-01 03:42:02
621,Daan,CN,33.0558,106.2958,46.99,55,0,0.63,clear sky,2021-02-01 03:42:02
622,Sur,OM,22.5667,59.5289,74.89,45,0,1.5,clear sky,2021-02-01 03:40:25
623,Mahbubabad,IN,17.6167,80.0167,77.68,61,0,6.62,clear sky,2021-02-01 03:37:47
624,Olafsvik,IS,64.8945,-23.7142,33.51,89,100,14.9,light snow,2021-02-01 03:37:43
625,Cockburn Town,TC,21.4612,-71.1419,75.74,77,80,22.26,broken clouds,2021-02-01 03:39:52
626,Andenes,NO,69.3143,16.1194,28.4,93,90,18.41,moderate rain,2021-02-01 03:42:02
627,Qaqortoq,GL,60.7167,-46.0333,41.0,30,75,14.97,broken clouds,2021-02-01 03:40:17
628,Romny,UA,50.751,33.4747,19.4,97,44,3.89,scattered clouds,2021-02-01 03:42:03
629,Camopi,GF,3.1655,-52.3158,71.22,98,98,2.13,light rain,2021-02-01 03:42:03
630,Rivadavia,AR,-33.1905,-68.4608,59.0,77,40,5.75,light rain,2021-02-01 03:40:46
631,Statesboro,US,32.4488,-81.7832,59.0,94,90,6.67,overcast clouds,2021-02-01 03:42:03
632,Opuwo,NA,-18.0607,13.84,63.36,62,89,3.13,overcast clouds,2021-02-01 03:40:26
633,Thayetmyo,MM,19.3167,95.1833,83.53,22,0,3.51,clear sky,2021-02-01 03:42:03
634,Saint-Denis,FR,48.9167,2.3333,48.99,93,90,5.75,overcast clouds,2021-02-01 03:42:03
635,Singkang,MY,2.1006,102.7994,82.4,78,20,10.36,few clouds,2021-02-01 03:42:03
636,San Jeronimo,PE,-11.9472,-75.2829,48.92,73,100,1.45,overcast clouds,2021-02-01 03:42:04
637,Jinchang,CN,38.4953,102.1739,27.57,63,0,3.11,clear sky,2021-02-01 03:40:29
638,Saint-Francois,FR,46.4154,3.9054,50.0,87,90,5.75,overcast clouds,2021-02-01 03:42:04
639,Vila Franca Do Campo,PT,37.7167,-25.4333,62.01,88,75,20.71,broken clouds,2021-02-01 03:42:04
640,Ahuimanu,US,21.4447,-157.8378,80.6,64,40,9.22,scattered clouds,2021-02-01 03:42:04
641,Indiaroba,BR,-11.5192,-37.5117,75.34,88,91,3.94,overcast clouds,2021-02-01 03:42:04
642,Waitati,NZ,-45.75,170.5667,66.99,57,88,15.99,overcast clouds,2021-02-01 03:42:05
643,Sussex,US,41.1834,-74.6663,17.6,79,90,11.5,snow,2021-02-01 03:42:05
644,Xai-Xai,MZ,-25.0519,33.6442,77.36,82,7,10.6,clear sky,2021-02-01 03:42:05
645,Kaseda,JP,31.4167,130.3167,64.4,55,40,11.5,scattered clouds,2021-02-01 03:42:05
646,Falkensee,DE,52.5667,13.0833,23.0,91,100,7.47,overcast clouds,2021-02-01 03:42:05
647,Florencia,IT,43.7667,11.25,43.0,100,20,2.3,few clouds,2021-02-01 03:42:05
648,Sciacca,IT,37.5082,13.0881,51.01,94,74,11.01,broken clouds,2021-02-01 03:42:05
649,Inuvik,CA,68.3499,-133.7218,-20.2,76,100,5.75,light snow,2021-02-01 03:42:05
650,Mildura,AU,-34.2,142.15,80.6,22,40,10.36,light rain,2021-02-01 03:39:49
651,Yajalon,MX,17.2333,-92.3333,63.95,93,50,1.03,scattered clouds,2021-02-01 03:42:06
652,Novyy Urengoy,RU,66.0833,76.6333,-13.32,89,51,7.74,broken clouds,2021-02-01 03:39:34
653,Pangkalanbuun,ID,-2.6833,111.6167,85.21,69,100,2.64,light rain,2021-02-01 03:42:06
654,Crotone,IT,39.0851,17.1178,46.0,100,90,18.88,fog,2021-02-01 03:42:06
655,Almaty,KZ,43.25,76.95,28.4,69,75,2.24,smoke,2021-02-01 03:42:03
656,Portland,US,45.5234,-122.6762,48.99,87,90,5.75,moderate rain,2021-02-01 03:39:57
657,Bawku,GH,11.0616,-0.2417,70.07,20,64,7.76,broken clouds,2021-02-01 03:42:06
658,Xinyu,CN,27.8043,114.9334,55.24,75,96,1.28,light rain,2021-02-01 03:42:06
659,Maitum,PH,6.0392,124.4986,84.2,61,75,9.22,broken clouds,2021-02-01 03:42:07
660,Havoysund,NO,70.9963,24.6622,26.6,93,75,10.36,light snow,2021-02-01 03:42:07
661,Ostrovnoy,RU,68.0531,39.5131,10.96,95,86,2.39,overcast clouds,2021-02-01 03:37:23
662,Satuk,TR,41.2263,32.3836,39.72,73,99,8.05,overcast clouds,2021-02-01 03:42:07
663,Misratah,LY,32.3754,15.0925,58.26,63,27,14.52,scattered clouds,2021-02-01 03:42:07
664,Road Town,VG,18.4167,-64.6167,78.01,85,0,17.0,clear sky,2021-02-01 03:42:07
665,Tolaga Bay,NZ,-38.3667,178.3,66.15,59,31,10.25,scattered clouds,2021-02-01 03:42:07
666,Karoi,ZW,-16.8099,29.6925,64.96,99,100,6.17,overcast clouds,2021-02-01 03:42:08
667,Kirksville,US,40.1948,-92.5833,32.0,80,90,16.11,overcast clouds,2021-02-01 03:42:08
668,Gizo,SB,-8.103,156.8419,86.13,72,44,20.42,moderate rain,2021-02-01 03:39:41
669,Singkawang,ID,0.9,109.0,83.23,78,47,6.78,light rain,2021-02-01 03:42:08
670,The Valley,AI,18.217,-63.0578,78.8,73,20,13.8,few clouds,2021-02-01 03:39:58
671,Khilok,RU,51.3674,110.4676,-12.08,82,91,7.81,overcast clouds,2021-02-01 03:42:08
672,High Rock,BS,26.6208,-78.2833,71.6,78,20,9.22,few clouds,2021-02-01 03:42:08
673,Matara,LK,5.9485,80.5353,81.75,72,52,4.97,broken clouds,2021-02-01 03:41:24
674,Manokwari,ID,-0.8667,134.0833,82.44,68,93,5.41,light rain,2021-02-01 03:42:08
